B,num_digits,density,trial,x,y,x_support_size,y_support_size,raw_support_size,final_support_size,size_Sx,size_Sy,size_sumset,max_representation_count,additive_energy,support_density_x,support_density_y,diameter_x,diameter_y,raw_mass_total,max_raw_mass,diagonal_mass_entropy,diagonal_mass_concentration,carry_mass,carry_count,carry_depth,carry_entropy,carry_amplification_ratio,max_carry_cascade_length,value_weighted_carry,normalized_value_weighted_carry
2,8,0.2,0,131,162,3,3,8,8,3,3,8,2,11,0.375,0.42857142857142855,7,6,9,2,2.94770277922009,0.2222222222222222,1,1,9,-0.0,0.1111111111111111,1,512,0.024125907077561022
2,8,0.2,1,168,136,3,2,5,5,3,2,5,2,8,0.6,0.4,4,4,6,2,2.2516291673878226,0.3333333333333333,1,1,11,-0.0,0.16666666666666666,1,2048,0.0896358543417367
2,8,0.2,2,128,128,1,1,1,1,1,1,1,1,1,1.0,1.0,0,0,1,1,-0.0,1.0,0,0,-1,0.0,0.0,0,0,0.0
2,8,0.2,3,132,128,2,1,2,2,2,1,2,1,2,0.3333333333333333,1.0,5,0,2,1,1.0,0.5,0,0,-1,0.0,0.0,0,0,0.0
2,8,0.2,4,160,130,2,2,4,4,2,2,4,1,4,0.6666666666666666,0.2857142857142857,2,6,4,1,2.0,0.25,0,0,-1,0.0,0.0,0,0,0.0
2,8,0.2,5,136,132,2,2,4,4,2,2,4,1,4,0.4,0.3333333333333333,4,5,4,1,2.0,0.25,0,0,-1,0.0,0.0,0,0,0.0
2,8,0.2,6,128,224,1,3,3,3,1,3,3,1,3,1.0,1.0,0,2,3,1,1.584962500721156,0.3333333333333333,0,0,-1,0.0,0.0,0,0,0.0
2,8,0.2,7,140,130,3,2,6,6,3,2,6,1,6,0.5,0.2857142857142857,5,6,6,1,2.584962500721156,0.16666666666666666,0,0,-1,0.0,0.0,0,0,0.0
2,8,0.2,8,144,130,2,2,4,4,2,2,4,1,4,0.5,0.2857142857142857,3,6,4,1,2.0,0.25,0,0,-1,0.0,0.0,0,0,0.0
2,8,0.2,9,136,194,2,3,6,6,2,3,6,1,6,0.4,0.42857142857142855,4,6,6,1,2.584962500721156,0.16666666666666666,0,0,-1,0.0,0.0,0,0,0.0
2,8,0.2,10,133,201,3,4,11,8,3,4,11,2,14,0.375,0.5,7,7,12,2,3.4182958340544896,0.16666666666666666,4,4,11,2.0,0.3333333333333333,4,3840,0.14364268881158118
2,8,0.2,11,130,200,2,3,6,6,2,3,6,1,6,0.2857142857142857,0.6,6,4,6,1,2.584962500721156,0.16666666666666666,0,0,-1,0.0,0.0,0,0,0.0
2,8,0.2,12,184,138,4,3,9,6,4,3,9,2,18,0.8,0.42857142857142855,4,6,12,2,3.084962500721156,0.16666666666666666,6,6,13,2.584962500721156,0.5,3,15232,0.5998739760554506
2,8,0.2,13,224,130,3,2,6,6,3,2,6,1,6,1.0,0.2857142857142857,2,6,6,1,2.584962500721156,0.16666666666666666,0,0,-1,0.0,0.0,0,0,0.0
2,8,0.2,14,204,128,4,1,4,4,4,1,4,1,4,0.6666666666666666,1.0,5,0,4,1,2.0,0.25,0,0,-1,0.0,0.0,0,0,0.0
2,8,0.2,15,160,146,2,3,6,6,2,3,6,1,6,0.6666666666666666,0.42857142857142855,2,6,6,1,2.584962500721156,0.16666666666666666,0,0,-1,0.0,0.0,0,0,0.0
2,8,0.2,16,131,132,3,2,6,6,3,2,6,1,6,0.375,0.3333333333333333,7,5,6,1,2.584962500721156,0.16666666666666666,0,0,-1,0.0,0.0,0,0,0.0
2,8,0.2,17,152,130,3,2,6,6,3,2,6,1,6,0.6,0.2857142857142857,4,6,6,1,2.584962500721156,0.16666666666666666,0,0,-1,0.0,0.0,0,0,0.0
2,8,0.2,18,137,164,3,3,8,8,3,3,8,2,11,0.375,0.5,7,5,9,2,2.94770277922009,0.2222222222222222,1,1,6,-0.0,0.1111111111111111,1,64,0.002848495638241054
2,8,0.2,19,193,136,3,2,6,6,3,2,6,1,6,0.375,0.4,7,4,6,1,2.584962500721156,0.16666666666666666,0,0,-1,0.0,0.0,0,0,0.0
2,8,0.5,0,210,185,4,5,12,8,4,5,12,3,38,0.5714285714285714,0.625,6,7,20,3,3.484183719779189,0.15,12,11,15,3.4182958340544896,0.6,11,69600,1.7915057915057915
2,8,0.5,1,185,151,5,5,14,10,5,5,14,4,57,0.625,0.625,7,7,25,4,3.623465189601647,0.16,15,9,13,3.056564762130954,0.6,9,18592,0.6655450152138894
2,8,0.5,2,128,185,1,5,5,5,1,5,5,1,5,1.0,0.625,0,7,5,1,2.321928094887362,0.2,0,0,-1,0.0,0.0,0,0,0.0
2,8,0.5,3,222,183,6,6,14,9,6,6,14,5,114,0.8571428571428571,0.75,6,7,36,5,3.631478390740808,0.1388888888888889,27,13,15,3.559900001923083,0.75,13,76136,1.874070792103579
2,8,0.5,4,134,159,3,6,12,8,3,6,12,2,30,0.42857142857142855,0.75,6,7,18,2,3.5032583347756456,0.1111111111111111,10,10,12,3.3219280948873626,0.5555555555555556,10,8184,0.3841171500985638
2,8,0.5,5,235,192,6,2,9,4,6,2,9,2,18,0.75,1.0,7,1,12,2,3.084962500721156,0.16666666666666666,8,8,15,3.0,0.6666666666666666,8,65280,1.446808510638298
2,8,0.5,6,209,188,4,5,13,9,4,5,13,3,38,0.5,0.8333333333333334,7,5,20,3,3.5464393446710156,0.15,11,8,15,2.913977073182752,0.55,8,72448,1.8438358953476535
2,8,0.5,7,203,228,5,4,12,8,5,4,12,3,38,0.625,0.6666666666666666,7,5,20,3,3.484183719779189,0.15,12,10,15,3.2516291673878226,0.6,10,67008,1.447757324345346
2,8,0.5,8,251,177,7,4,14,9,7,4,14,3,66,0.875,0.5,7,7,28,3,3.6725535823855564,0.10714285714285714,19,11,15,3.4058222502856905,0.6785714285714286,11,81824,1.8417628919350846
2,8,0.5,9,216,133,4,3,11,6,4,3,11,2,14,0.8,0.375,4,7,12,2,3.4182958340544896,0.16666666666666666,6,6,12,2.584962500721156,0.5,6,8064,0.2807017543859649
2,8,0.5,10,218,216,5,4,11,10,5,4,11,4,46,0.7142857142857143,0.8,6,4,20,4,3.284183719779189,0.2,10,8,15,2.9219280948873623,0.5,8,71424,1.5168195718654434
2,8,0.5,11,240,155,4,5,11,5,4,5,11,3,42,1.0,0.625,3,7,20,3,3.3464393446710154,0.15,15,10,15,3.240223928941852,0.75,10,73408,1.9733333333333334
2,8,0.5,12,234,208,5,3,9,7,5,3,9,2,27,0.7142857142857143,0.75,6,3,15,2,3.106890595608519,0.13333333333333333,8,8,15,3.0,0.5333333333333333,8,65280,1.3412228796844181
2,8,0.5,13,147,218,4,5,12,10,4,5,12,3,40,0.5,0.7142857142857143,7,6,20,3,3.4464393446710155,0.15,10,8,12,2.9219280948873623,0.5,8,8928,0.27859951319977533
2,8,0.5,14,142,245,4,6,14,9,4,6,14,4,54,0.5714285714285714,0.75,6,7,24,4,3.6053885422075336,0.16666666666666666,15,12,15,3.506890595608519,0.625,12,67312,1.9348088531187122
2,8,0.5,15,236,170,5,4,12,8,5,4,12,3,40,0.8333333333333334,0.5714285714285714,5,6,20,3,3.4464393446710155,0.15,12,9,15,3.084962500721156,0.6,9,68992,1.719641076769691
2,8,0.5,16,203,215,5,6,15,10,5,6,15,5,74,0.625,0.75,7,7,30,5,3.7614063297218427,0.16666666666666666,20,14,15,3.6464393446710157,0.6666666666666666,14,70140,1.607056936647955
2,8,0.5,17,172,159,4,6,12,8,4,6,12,3,56,0.6666666666666666,0.75,5,7,24,3,3.4591479170272446,0.125,16,10,13,3.25,0.6666666666666666,10,20400,0.7459412022817025
2,8,0.5,18,234,138,5,3,10,8,5,3,10,3,27,0.7142857142857143,0.42857142857142855,6,6,15,3,3.1898980954642875,0.2,7,6,11,2.521640636343318,0.4666666666666667,5,4512,0.1397250092902267
2,8,0.5,19,245,135,6,4,14,6,6,4,14,4,52,0.75,0.5,7,7,24,4,3.6368421881310113,0.16666666666666666,18,13,15,3.5724312513221195,0.75,13,67704,2.046984126984127
2,8,0.7,0,255,252,8,6,13,8,8,6,13,6,218,1.0,1.0,7,5,48,6,3.517079563925711,0.125,40,12,15,3.4232196723355077,0.8333333333333334,12,126480,1.9682539682539681
2,8,0.7,1,155,233,5,5,14,7,5,5,14,4,57,0.625,0.625,7,7,25,4,3.623465189601647,0.16,18,12,15,3.4613201402110083,0.72,12,69744,1.9311643361484148
2,8,0.7,2,166,221,4,6,14,9,4,6,14,3,52,0.5714285714285714,0.75,6,7,24,3,3.625814583693911,0.125,15,11,15,3.3735572622751855,0.625,11,67360,1.8361227716295045
2,8,0.7,3,219,251,6,7,15,10,6,7,15,6,146,0.75,0.875,7,7,42,6,3.7310212915688235,0.14285714285714285,32,14,15,3.6556390622295662,0.7619047619047619,14,107100,1.9483708999617966
2,8,0.7,4,188,239,5,7,13,8,5,7,13,4,113,0.8333333333333334,0.875,5,7,35,4,3.543289445392768,0.11428571428571428,27,12,15,3.4760236127938087,0.7714285714285715,12,85904,1.9118668209739162
2,8,0.7,5,173,157,5,5,13,7,5,5,13,4,59,0.625,0.625,7,7,25,4,3.543465189601647,0.16,18,11,13,3.350209029099897,0.72,11,20664,0.7607967306063842
2,8,0.7,6,252,203,6,5,13,9,6,5,13,3,76,1.0,0.625,5,7,30,3,3.6225797618424918,0.1,21,12,15,3.535174565635903,0.7,12,98224,1.920087575259989
2,8,0.7,7,221,253,6,7,14,9,6,7,14,5,152,0.75,0.875,7,7,42,5,3.6519939958787404,0.11904761904761904,33,13,15,3.544097907106122,0.7857142857142857,13,110168,1.970346788761111
2,8,0.7,8,239,246,7,6,14,9,7,6,14,6,152,0.875,0.8571428571428571,7,6,42,6,3.656749494455401,0.14285714285714285,33,13,15,3.558953210005306,0.7857142857142857,13,116312,1.9782971051467837
2,8,0.7,9,243,238,6,6,14,9,6,6,14,5,112,0.75,0.8571428571428571,7,6,36,5,3.6524474880231264,0.1388888888888889,27,13,15,3.5500976868678826,0.75,13,114296,1.9762769305252965
2,8,0.7,10,206,165,5,4,14,6,5,4,14,3,34,0.7142857142857143,0.5,6,7,20,3,3.684183719779189,0.15,14,12,15,3.521640636343318,0.7,12,67056,1.9728155339805826
2,8,0.7,11,191,255,7,8,15,8,7,8,15,7,268,0.875,1.0,7,7,56,7,3.6839644681185932,0.125,48,14,15,3.5983323666317553,0.8571428571428571,14,96900,1.9895287958115184
2,8,0.7,12,172,253,4,7,13,10,4,7,13,4,76,0.6666666666666666,0.875,5,7,28,4,3.5121884039686613,0.14285714285714285,18,10,15,3.197159723424149,0.6428571428571429,10,84672,1.945767074179612
2,8,0.7,13,190,231,6,6,14,9,6,6,14,4,108,0.8571428571428571,0.75,6,7,36,4,3.6761906261418305,0.1111111111111111,27,13,15,3.606015279620732,0.75,13,85736,1.9534290271132377
2,8,0.7,14,254,239,7,7,14,8,7,7,14,6,207,1.0,0.875,6,7,49,6,3.6452507938291285,0.12244897959183673,41,13,15,3.5563697745701734,0.8367346938775511,13,120392,1.983197706981188
2,8,0.7,15,251,252,7,6,13,9,7,6,13,5,164,0.875,1.0,7,5,42,5,3.5364046393960415,0.11904761904761904,33,12,15,3.422885785894001,0.7857142857142857,12,122416,1.9353696325807879
2,8,0.7,16,223,249,7,6,15,10,7,6,15,6,152,0.875,0.75,7,7,42,6,3.692696518367947,0.14285714285714285,32,12,15,3.452819531114783,0.7619047619047619,12,110160,1.9838997244583716
2,8,0.7,17,255,177,8,4,15,8,8,4,15,4,84,1.0,0.5,7,7,32,4,3.73345859334435,0.125,24,11,15,3.3443609377704333,0.75,11,89760,1.9887005649717515
2,8,0.7,18,255,254,8,7,14,8,8,7,14,7,280,1.0,1.0,7,6,56,7,3.6100053707958026,0.125,48,13,15,3.517079563925711,0.8571428571428571,13,128520,1.984251968503937
2,8,0.7,19,254,252,7,6,12,7,7,6,12,6,182,1.0,1.0,6,5,42,6,3.3983029951155594,0.14285714285714285,35,11,15,3.2910345475838985,0.8333333333333334,11,125984,1.9682539682539681
2,8,1.0,0,255,255,8,8,15,8,8,8,15,8,344,1.0,1.0,7,7,64,8,3.7023191426459237,0.125,56,14,15,3.6100053707958026,0.875,14,129540,1.992156862745098
2,8,1.0,1,255,255,8,8,15,8,8,8,15,8,344,1.0,1.0,7,7,64,8,3.7023191426459237,0.125,56,14,15,3.6100053707958026,0.875,14,129540,1.992156862745098
2,8,1.0,2,255,255,8,8,15,8,8,8,15,8,344,1.0,1.0,7,7,64,8,3.7023191426459237,0.125,56,14,15,3.6100053707958026,0.875,14,129540,1.992156862745098
2,8,1.0,3,255,255,8,8,15,8,8,8,15,8,344,1.0,1.0,7,7,64,8,3.7023191426459237,0.125,56,14,15,3.6100053707958026,0.875,14,129540,1.992156862745098
2,8,1.0,4,255,255,8,8,15,8,8,8,15,8,344,1.0,1.0,7,7,64,8,3.7023191426459237,0.125,56,14,15,3.6100053707958026,0.875,14,129540,1.992156862745098
2,8,1.0,5,255,255,8,8,15,8,8,8,15,8,344,1.0,1.0,7,7,64,8,3.7023191426459237,0.125,56,14,15,3.6100053707958026,0.875,14,129540,1.992156862745098
2,8,1.0,6,255,255,8,8,15,8,8,8,15,8,344,1.0,1.0,7,7,64,8,3.7023191426459237,0.125,56,14,15,3.6100053707958026,0.875,14,129540,1.992156862745098
2,8,1.0,7,255,255,8,8,15,8,8,8,15,8,344,1.0,1.0,7,7,64,8,3.7023191426459237,0.125,56,14,15,3.6100053707958026,0.875,14,129540,1.992156862745098
2,8,1.0,8,255,255,8,8,15,8,8,8,15,8,344,1.0,1.0,7,7,64,8,3.7023191426459237,0.125,56,14,15,3.6100053707958026,0.875,14,129540,1.992156862745098
2,8,1.0,9,255,255,8,8,15,8,8,8,15,8,344,1.0,1.0,7,7,64,8,3.7023191426459237,0.125,56,14,15,3.6100053707958026,0.875,14,129540,1.992156862745098
2,8,1.0,10,255,255,8,8,15,8,8,8,15,8,344,1.0,1.0,7,7,64,8,3.7023191426459237,0.125,56,14,15,3.6100053707958026,0.875,14,129540,1.992156862745098
2,8,1.0,11,255,255,8,8,15,8,8,8,15,8,344,1.0,1.0,7,7,64,8,3.7023191426459237,0.125,56,14,15,3.6100053707958026,0.875,14,129540,1.992156862745098
2,8,1.0,12,255,255,8,8,15,8,8,8,15,8,344,1.0,1.0,7,7,64,8,3.7023191426459237,0.125,56,14,15,3.6100053707958026,0.875,14,129540,1.992156862745098
2,8,1.0,13,255,255,8,8,15,8,8,8,15,8,344,1.0,1.0,7,7,64,8,3.7023191426459237,0.125,56,14,15,3.6100053707958026,0.875,14,129540,1.992156862745098
2,8,1.0,14,255,255,8,8,15,8,8,8,15,8,344,1.0,1.0,7,7,64,8,3.7023191426459237,0.125,56,14,15,3.6100053707958026,0.875,14,129540,1.992156862745098
2,8,1.0,15,255,255,8,8,15,8,8,8,15,8,344,1.0,1.0,7,7,64,8,3.7023191426459237,0.125,56,14,15,3.6100053707958026,0.875,14,129540,1.992156862745098
2,8,1.0,16,255,255,8,8,15,8,8,8,15,8,344,1.0,1.0,7,7,64,8,3.7023191426459237,0.125,56,14,15,3.6100053707958026,0.875,14,129540,1.992156862745098
2,8,1.0,17,255,255,8,8,15,8,8,8,15,8,344,1.0,1.0,7,7,64,8,3.7023191426459237,0.125,56,14,15,3.6100053707958026,0.875,14,129540,1.992156862745098
2,8,1.0,18,255,255,8,8,15,8,8,8,15,8,344,1.0,1.0,7,7,64,8,3.7023191426459237,0.125,56,14,15,3.6100053707958026,0.875,14,129540,1.992156862745098
2,8,1.0,19,255,255,8,8,15,8,8,8,15,8,344,1.0,1.0,7,7,64,8,3.7023191426459237,0.125,56,14,15,3.6100053707958026,0.875,14,129540,1.992156862745098
2,16,0.2,0,45122,49152,5,2,9,6,5,2,9,2,12,0.3333333333333333,1.0,14,1,10,2,3.1219280948873624,0.2,4,4,31,2.0,0.4,4,4026531840,1.815522361597447
2,16,0.2,1,41034,33424,5,4,17,18,5,4,17,3,28,0.3333333333333333,0.3333333333333333,14,11,20,3,3.9841837197791894,0.15,2,2,23,1.0,0.1,1,8390656,0.0061177769591437125
2,16,0.2,2,55568,33344,6,3,14,11,6,3,14,2,26,0.5,0.3,11,9,18,2,3.7254805569978675,0.1111111111111111,7,7,25,2.8073549220576037,0.3888888888888889,5,58458112,0.03155021490157414
2,16,0.2,3,32768,39936,1,4,4,4,1,4,4,1,4,1.0,0.6666666666666666,0,5,4,1,2.0,0.25,0,0,-1,0.0,0.0,0,0,0.0
2,16,0.2,4,49220,36868,4,3,11,10,4,3,11,2,14,0.2857142857142857,0.21428571428571427,13,13,12,2,3.4182958340544896,0.16666666666666666,2,2,19,1.0,0.16666666666666666,2,786432,0.00043338112087900753
2,16,0.2,5,39028,57974,7,9,26,17,7,9,26,5,185,0.5,0.6,13,14,63,5,4.5423017013743925,0.07936507936507936,46,24,31,4.441508966691418,0.7301587301587301,17,4295097984,1.8982941673369047
2,16,0.2,6,36120,34432,6,4,17,8,6,4,17,3,40,0.46153846153846156,0.4444444444444444,12,8,24,3,3.970175521464345,0.125,16,13,27,3.625,0.6666666666666666,10,271958016,0.21867134335362917
2,16,0.2,7,34948,37602,4,7,20,14,4,7,20,3,46,0.2857142857142857,0.4666666666666667,13,14,28,3,4.208966082694623,0.10714285714285714,14,14,25,3.807354922057604,0.5,9,67036672,0.05101280139705553
2,16,0.2,8,37898,49186,5,4,17,16,5,4,17,2,26,0.3333333333333333,0.26666666666666666,14,14,20,2,4.021928094887363,0.1,4,4,19,2.0,0.2,4,983040,0.0005273675372796715
2,16,0.2,9,32768,47374,1,8,8,8,1,8,8,1,8,1.0,0.5333333333333333,0,14,8,1,3.0,0.125,0,0,-1,0.0,0.0,0,0,0.0
2,16,0.2,10,41490,49153,5,3,14,13,5,3,14,2,17,0.3333333333333333,0.1875,14,15,15,2,3.773557262275186,0.13333333333333333,2,2,17,1.0,0.13333333333333333,2,196608,9.640681179675385e-05
2,16,0.2,11,36864,33792,2,2,4,4,2,2,4,1,4,0.5,0.3333333333333333,3,5,4,1,2.0,0.25,0,0,-1,0.0,0.0,0,0,0.0
2,16,0.2,12,41544,36354,5,5,20,11,5,5,20,3,37,0.38461538461538464,0.3333333333333333,12,14,25,3,4.213660689688186,0.12,14,13,27,3.6644977792004614,0.56,13,301957120,0.19993312862994386
2,16,0.2,13,32772,32896,2,2,4,4,2,2,4,1,4,0.14285714285714285,0.2222222222222222,13,8,4,1,2.0,0.25,0,0,-1,0.0,0.0,0,0,0.0
2,16,0.2,14,33544,33281,4,3,10,10,4,3,10,2,16,0.3076923076923077,0.1875,12,15,12,2,3.2516291673878226,0.16666666666666666,2,2,25,1.0,0.16666666666666666,1,34078720,0.030526151672244192
2,16,0.2,15,32784,39172,2,5,10,10,2,5,10,1,10,0.16666666666666666,0.35714285714285715,11,13,10,1,3.3219280948873626,0.1,0,0,-1,0.0,0.0,0,0,0.0
2,16,0.2,16,33801,34853,4,5,17,18,4,5,17,3,28,0.25,0.3125,15,15,20,3,3.9841837197791894,0.15,2,2,16,1.0,0.1,1,65600,5.5684474309442766e-05
2,16,0.2,17,37379,53776,5,5,18,18,5,5,18,3,41,0.3125,0.4166666666666667,15,11,25,3,4.053660689688186,0.12,7,7,28,2.8073549220576037,0.28,4,306429952,0.15244565109457736
2,16,0.2,18,40962,33876,3,5,13,13,3,5,13,2,19,0.2,0.35714285714285715,14,13,15,2,3.640223928941852,0.13333333333333333,2,2,20,1.0,0.13333333333333333,1,1310720,0.0009445754391395153
2,16,0.2,19,32833,32768,3,1,3,3,3,1,3,1,3,0.1875,1.0,15,0,3,1,1.584962500721156,0.3333333333333333,0,0,-1,0.0,0.0,0,0,0.0
2,16,0.5,0,41319,60267,8,11,30,13,8,11,30,6,322,0.5,0.6875,15,15,88,6,4.727865749944739,0.06818181818181818,75,30,31,4.703781404563279,0.8522727272727273,30,4371205948,1.755383019453571
2,16,0.5,1,49777,60533,7,10,29,15,7,10,29,6,224,0.4375,0.625,15,15,70,6,4.636375967458997,0.08571428571428572,55,27,31,4.558010395067491,0.7857142857142857,27,4323316832,1.4348157890829147
2,16,0.5,2,42831,59646,10,11,30,12,10,11,30,7,500,0.625,0.7333333333333333,15,14,110,7,4.72156551074292,0.06363636363636363,98,29,31,4.694525502230255,0.8909090909090909,29,4639899336,1.8162223683670995
2,16,0.5,3,52990,56382,12,10,29,12,12,10,29,8,608,0.8,0.6666666666666666,14,14,120,8,4.677480289060886,0.06666666666666667,108,28,31,4.6469714484154245,0.9,28,5127855888,1.7163324540764908
2,16,0.5,4,44770,56872,9,8,25,16,9,8,25,6,270,0.6,0.6153846153846154,14,12,72,6,4.419740717159745,0.08333333333333333,56,21,31,4.218181378134551,0.7777777777777778,21,4988655616,1.9592864208063892
2,16,0.5,5,53314,48149,5,8,25,13,5,8,25,4,82,0.3333333333333333,0.5,14,15,40,4,4.465311532225103,0.1,27,19,31,4.162294909570876,0.675,19,4766720000,1.8569110583568496
2,16,0.5,6,48382,48439,12,11,29,11,12,11,29,9,730,0.8,0.6875,14,15,132,9,4.696518389727552,0.06818181818181818,121,29,31,4.670341544057117,0.9166666666666666,29,5678452520,2.4229866032686607
2,16,0.5,7,59093,41318,10,7,30,19,10,7,30,7,218,0.625,0.4666666666666667,15,14,70,7,4.687344488808574,0.1,51,26,31,4.549205488733372,0.7285714285714285,26,4344782272,1.7794782653450256
2,16,0.5,8,36598,38504,10,7,25,20,10,7,25,6,250,0.6666666666666666,0.5384615384615384,14,12,70,6,4.434580295757956,0.08571428571428572,50,21,28,4.185979129983103,0.7142857142857143,21,562652928,0.39927983902732966
2,16,0.5,9,55127,61937,11,10,30,20,11,10,30,8,510,0.6875,0.625,15,15,110,8,4.70813793456804,0.07272727272727272,90,27,31,4.581168592213908,0.8181818181818182,27,6560066912,1.9212936365474629
2,16,0.5,10,39730,48688,8,8,24,14,8,8,24,5,212,0.5333333333333333,0.6666666666666666,14,11,64,5,4.402518266288633,0.078125,50,20,29,4.178171939471839,0.78125,20,1684356096,0.8707498586209461
2,16,0.5,11,41071,57901,8,8,29,16,8,8,29,6,184,0.5,0.5,15,15,64,6,4.655639062229566,0.09375,48,24,31,4.438721875540867,0.75,21,3780223144,1.589630163721935
2,16,0.5,12,35446,63583,8,11,30,15,8,11,30,6,318,0.5333333333333333,0.6875,14,15,88,6,4.733142948202809,0.06818181818181818,73,29,31,4.701217839696477,0.8295454545454546,29,4372758424,1.9402032907081803
2,16,0.5,13,36663,52864,10,6,22,15,10,6,22,5,196,0.625,0.6666666666666666,15,8,60,5,4.311080496244278,0.08333333333333333,45,19,28,4.146756984930102,0.75,19,825158656,0.42574488573664765
2,16,0.5,14,46349,45490,8,8,28,16,8,8,28,5,178,0.5,0.5333333333333333,15,14,64,5,4.654078664259099,0.078125,48,25,29,4.547995052579128,0.75,25,1177485024,0.5584690205421083
2,16,0.5,15,57937,34522,7,8,27,21,7,8,27,4,148,0.4375,0.5333333333333333,15,14,56,4,4.561382823650152,0.07142857142857142,35,19,26,4.150292659616669,0.625,19,202557184,0.10127347191708029
2,16,0.5,16,62229,42308,9,6,25,16,9,6,25,4,140,0.5625,0.42857142857142855,15,13,54,4,4.4998053260372215,0.07407407407407407,38,23,31,4.41872290806656,0.7037037037037037,21,4429480576,1.6824318595624443
2,16,0.5,17,41295,57019,8,12,31,15,8,12,31,6,372,0.5,0.75,15,15,96,6,4.7636896893497465,0.0625,81,30,31,4.71846216476946,0.84375,30,4435423084,1.8837270993256623
2,16,0.5,18,57589,62538,9,8,28,16,9,8,28,5,232,0.5625,0.5333333333333333,15,14,72,5,4.623282689827156,0.06944444444444445,56,27,31,4.552628805870276,0.7777777777777778,26,6203206096,1.7223947179919086
2,16,0.5,19,50865,51802,8,8,28,14,8,8,28,5,190,0.5,0.5333333333333333,15,14,64,5,4.591578664259099,0.078125,50,23,31,4.4279764393853,0.78125,21,3631992192,1.378412903129286
2,16,0.7,0,60503,65099,10,11,31,20,10,11,31,7,484,0.625,0.6875,15,15,110,7,4.77875182033795,0.06363636363636363,90,30,31,4.674930391077766,0.8181818181818182,30,7760185596,1.970247937055218
2,16,0.7,1,38515,54011,9,11,30,20,9,11,30,7,425,0.5625,0.6875,15,15,99,7,4.673407919334306,0.0707070707070707,79,27,28,4.570010027788141,0.797979797979798,27,597902236,0.2874207095384162
2,16,0.7,2,64444,65405,12,14,29,20,12,14,29,12,1236,0.8571428571428571,0.875,13,15,168,12,4.642584860137858,0.07142857142857142,148,27,31,4.560867411638451,0.8809523809523809,27,8429112480,1.999808501140113
2,16,0.7,3,64511,36561,15,8,31,16,15,8,31,8,626,0.9375,0.5,15,15,120,8,4.678156198031283,0.06666666666666667,104,27,31,4.537717276901386,0.8666666666666667,27,4783655520,2.028187294881902
2,16,0.7,4,52037,44169,8,7,29,19,8,7,29,4,138,0.5,0.4375,15,15,56,4,4.66379956460568,0.07142857142857142,37,22,31,4.378240189894802,0.6607142857142857,22,4544588800,1.977264531818819
2,16,0.7,5,55983,53181,11,12,31,17,11,12,31,8,708,0.6875,0.75,15,15,132,8,4.747253473751745,0.06060606060606061,115,29,31,4.683971630567569,0.8712121212121212,29,5140490920,1.726600766399212
2,16,0.7,6,63933,57279,12,14,31,17,12,14,31,11,1152,0.75,0.875,15,15,168,11,4.745641026250857,0.06547619047619048,151,29,31,4.694434502265669,0.8988095238095238,29,7355125384,2.008489517908901
2,16,0.7,7,65247,64761,14,12,31,23,14,12,31,10,1160,0.875,0.75,15,15,168,10,4.733673960785516,0.05952380952380952,145,28,31,4.633295839844351,0.8630952380952381,28,8349685328,1.9760412871422461
2,16,0.7,8,63935,57079,13,13,31,14,13,13,31,10,1135,0.8125,0.8125,15,15,169,10,4.773004109155857,0.05917159763313609,155,30,31,4.725751241338743,0.9171597633136095,30,7304845972,2.0016863959261917
2,16,0.7,9,61311,58686,14,10,30,18,14,10,30,9,796,0.875,0.6666666666666666,15,14,140,9,4.738636615198923,0.06428571428571428,122,29,31,4.697373225426978,0.8714285714285714,29,6643857288,1.8464918119533278
2,16,0.7,10,64095,58425,12,8,31,19,12,8,31,7,374,0.75,0.5,15,15,96,7,4.775547365928908,0.07291666666666667,77,28,31,4.645123924582977,0.8020833333333334,28,6451118416,1.722709865807811
2,16,0.7,11,38606,40890,9,11,27,16,9,11,27,7,457,0.6,0.7333333333333333,14,14,99,7,4.555482949226149,0.0707070707070707,83,24,28,4.401583909250076,0.8383838383838383,24,757112672,0.47961040703336416
2,16,0.7,12,64951,62523,13,10,31,16,13,10,31,9,660,0.8125,0.625,15,15,130,9,4.799758995182817,0.06923076923076923,114,30,31,4.747830559912504,0.8769230769230769,30,8058720156,1.9844512048591076
2,16,0.7,13,40831,63439,13,13,31,12,13,13,31,10,1189,0.8125,0.8125,15,15,169,10,4.720761970556387,0.05917159763313609,157,30,31,4.673691411855149,0.9289940828402367,30,5317312868,2.0527963639748728
2,16,0.7,14,63226,57084,12,12,28,18,12,12,28,10,942,0.8,0.8571428571428571,14,13,144,10,4.592029777722905,0.06944444444444445,126,26,31,4.535242004573289,0.875,26,7207703616,1.9970402380678018
2,16,0.7,15,49068,61418,11,12,28,15,11,12,28,10,844,0.7857142857142857,0.8,13,14,132,10,4.5220393651289505,0.07575757575757576,117,25,31,4.403694207683443,0.8863636363636364,25,6295881088,2.0891156867219003
2,16,0.7,16,61391,64375,13,13,31,20,13,13,31,12,1147,0.8125,0.8125,15,15,169,12,4.766785946534945,0.07100591715976332,149,30,31,4.715599583847608,0.8816568047337278,30,7902809204,1.9996755993929094
2,16,0.7,17,61295,39919,13,12,31,18,13,12,31,9,1016,0.8125,0.75,15,15,156,9,4.7172815666198655,0.057692307692307696,138,30,31,4.703427219089024,0.8846153846153846,30,5160528228,2.1090625263037492
2,16,0.7,18,48895,36755,14,9,30,18,14,9,30,8,682,0.875,0.5625,15,15,126,8,4.683631140217682,0.06349206349206349,108,28,29,4.578426685647681,0.8571428571428571,28,1460380380,0.8126155190643711
2,16,0.7,19,62589,57342,11,14,30,19,11,14,30,9,978,0.6875,0.9333333333333333,15,14,154,9,4.714726922023636,0.05844155844155844,135,28,31,4.6523236099457055,0.8766233766233766,28,7143845392,1.9904954892905378
2,16,1.0,0,65535,65535,16,16,31,16,16,16,31,16,2736,1.0,1.0,15,15,256,16,4.715939567268614,0.0625,240,30,31,4.670559467361707,0.9375,30,8589541380,1.9999694819562066
2,16,1.0,1,65535,65535,16,16,31,16,16,16,31,16,2736,1.0,1.0,15,15,256,16,4.715939567268614,0.0625,240,30,31,4.670559467361707,0.9375,30,8589541380,1.9999694819562066
2,16,1.0,2,65535,65535,16,16,31,16,16,16,31,16,2736,1.0,1.0,15,15,256,16,4.715939567268614,0.0625,240,30,31,4.670559467361707,0.9375,30,8589541380,1.9999694819562066
2,16,1.0,3,65535,65535,16,16,31,16,16,16,31,16,2736,1.0,1.0,15,15,256,16,4.715939567268614,0.0625,240,30,31,4.670559467361707,0.9375,30,8589541380,1.9999694819562066
2,16,1.0,4,65535,65535,16,16,31,16,16,16,31,16,2736,1.0,1.0,15,15,256,16,4.715939567268614,0.0625,240,30,31,4.670559467361707,0.9375,30,8589541380,1.9999694819562066
2,16,1.0,5,65535,65535,16,16,31,16,16,16,31,16,2736,1.0,1.0,15,15,256,16,4.715939567268614,0.0625,240,30,31,4.670559467361707,0.9375,30,8589541380,1.9999694819562066
2,16,1.0,6,65535,65535,16,16,31,16,16,16,31,16,2736,1.0,1.0,15,15,256,16,4.715939567268614,0.0625,240,30,31,4.670559467361707,0.9375,30,8589541380,1.9999694819562066
2,16,1.0,7,65535,65535,16,16,31,16,16,16,31,16,2736,1.0,1.0,15,15,256,16,4.715939567268614,0.0625,240,30,31,4.670559467361707,0.9375,30,8589541380,1.9999694819562066
2,16,1.0,8,65535,65535,16,16,31,16,16,16,31,16,2736,1.0,1.0,15,15,256,16,4.715939567268614,0.0625,240,30,31,4.670559467361707,0.9375,30,8589541380,1.9999694819562066
2,16,1.0,9,65535,65535,16,16,31,16,16,16,31,16,2736,1.0,1.0,15,15,256,16,4.715939567268614,0.0625,240,30,31,4.670559467361707,0.9375,30,8589541380,1.9999694819562066
2,16,1.0,10,65535,65535,16,16,31,16,16,16,31,16,2736,1.0,1.0,15,15,256,16,4.715939567268614,0.0625,240,30,31,4.670559467361707,0.9375,30,8589541380,1.9999694819562066
2,16,1.0,11,65535,65535,16,16,31,16,16,16,31,16,2736,1.0,1.0,15,15,256,16,4.715939567268614,0.0625,240,30,31,4.670559467361707,0.9375,30,8589541380,1.9999694819562066
2,16,1.0,12,65535,65535,16,16,31,16,16,16,31,16,2736,1.0,1.0,15,15,256,16,4.715939567268614,0.0625,240,30,31,4.670559467361707,0.9375,30,8589541380,1.9999694819562066
2,16,1.0,13,65535,65535,16,16,31,16,16,16,31,16,2736,1.0,1.0,15,15,256,16,4.715939567268614,0.0625,240,30,31,4.670559467361707,0.9375,30,8589541380,1.9999694819562066
2,16,1.0,14,65535,65535,16,16,31,16,16,16,31,16,2736,1.0,1.0,15,15,256,16,4.715939567268614,0.0625,240,30,31,4.670559467361707,0.9375,30,8589541380,1.9999694819562066
2,16,1.0,15,65535,65535,16,16,31,16,16,16,31,16,2736,1.0,1.0,15,15,256,16,4.715939567268614,0.0625,240,30,31,4.670559467361707,0.9375,30,8589541380,1.9999694819562066
2,16,1.0,16,65535,65535,16,16,31,16,16,16,31,16,2736,1.0,1.0,15,15,256,16,4.715939567268614,0.0625,240,30,31,4.670559467361707,0.9375,30,8589541380,1.9999694819562066
2,16,1.0,17,65535,65535,16,16,31,16,16,16,31,16,2736,1.0,1.0,15,15,256,16,4.715939567268614,0.0625,240,30,31,4.670559467361707,0.9375,30,8589541380,1.9999694819562066
2,16,1.0,18,65535,65535,16,16,31,16,16,16,31,16,2736,1.0,1.0,15,15,256,16,4.715939567268614,0.0625,240,30,31,4.670559467361707,0.9375,30,8589541380,1.9999694819562066
2,16,1.0,19,65535,65535,16,16,31,16,16,16,31,16,2736,1.0,1.0,15,15,256,16,4.715939567268614,0.0625,240,30,31,4.670559467361707,0.9375,30,8589541380,1.9999694819562066
10,8,0.2,0,20000000,20000003,1,2,2,2,1,2,2,1,2,1.0,0.25,0,7,10,6,0.9709505944546686,0.6,0,0,-1,0.0,0.0,0,0,0.0
10,8,0.2,1,70000001,10000500,2,2,4,5,2,2,4,1,4,0.25,0.3333333333333333,7,5,48,35,1.1935868648479506,0.7291666666666666,3,1,10,-0.0,0.0625,1,30000000000,4.285499949492322e-05
10,8,0.2,2,60010000,20000600,2,2,4,6,2,2,4,1,4,0.5,0.3333333333333333,3,5,56,36,1.4029509030414604,0.6428571428571429,4,2,15,0.8112781244591328,0.07142857142857142,1,1000030000000000,0.8331944675887352
10,8,0.2,3,70901700,19100040,4,4,11,11,4,4,11,3,28,0.6666666666666666,0.5714285714285714,5,6,360,92,2.8821040043890895,0.25555555555555554,35,10,15,2.8780262306743603,0.09722222222222222,9,1628129130020000,1.2022586808300615
10,8,0.2,4,60000000,30000000,1,1,1,2,1,1,1,1,1,1.0,1.0,0,0,18,18,-0.0,1.0,1,1,15,-0.0,0.05555555555555555,1,1000000000000000,0.5555555555555556
10,8,0.2,5,60010600,50100000,3,2,5,6,3,2,5,2,8,0.5,0.6666666666666666,5,2,78,31,1.8826330653578975,0.3974358974358974,6,2,15,1.0,0.07692307692307693,1,3000030000000000,0.9978376873977813
10,8,0.2,6,30000000,40050000,1,2,2,4,1,2,2,1,2,1.0,0.5,0,3,27,15,0.9910760598382222,0.5555555555555556,2,2,15,1.0,0.07407407407407407,1,1001000000000000,0.8331252600915522
10,8,0.2,7,70900000,74300800,2,4,7,9,2,4,7,2,10,0.6666666666666666,0.6666666666666666,2,5,352,84,2.690604567381379,0.23863636363636365,34,7,15,2.7011267262571845,0.09659090909090909,6,5383350700000000,1.0219107034199595
10,8,0.2,8,90500704,30070300,4,3,8,14,4,3,8,3,22,0.5,0.5,7,5,325,83,2.7617565024844666,0.2553846153846154,30,8,15,2.764735178725505,0.09230769230769231,2,2026080340401000,0.7445038432806311
10,8,0.2,9,52020000,20047008,3,4,9,11,3,4,9,2,18,0.75,0.5,3,7,189,54,2.7968738557342716,0.2857142857142857,16,8,15,2.649397470347699,0.08465608465608465,6,1002411510100000,0.9612273806263214
10,8,0.2,10,20000000,64009000,1,3,3,5,1,3,3,1,3,1.0,0.6,0,4,38,18,1.5090275125326515,0.47368421052631576,2,2,15,1.0,0.05263157894736842,1,1000100000000000,0.7812182661813183
10,8,0.2,11,30506080,70009000,4,2,6,10,4,2,6,2,12,0.5714285714285714,0.4,6,4,352,101,2.4346314937289835,0.2869318181818182,35,7,15,2.532517935965527,0.09943181818181818,3,2030720050700000,0.950845111010556
10,8,0.2,12,20090000,70000025,2,3,6,8,2,3,6,1,6,0.5,0.375,3,7,154,63,2.115598719922357,0.4090909090909091,14,5,15,1.9852281360342514,0.09090909090909091,2,1006000102400000,0.7153521603600779
10,8,0.2,13,39000090,10000710,3,3,7,9,3,3,7,3,15,0.42857142857142855,0.42857142857142855,6,6,189,75,2.132022501537762,0.3968253968253968,15,3,10,1.4294732983598406,0.07936507936507936,2,27000060000,6.922584827839535e-05
10,8,0.2,14,60000002,90000000,2,1,2,4,2,1,2,1,2,0.25,1.0,7,0,72,54,0.8112781244591328,0.75,6,2,15,0.6500224216483541,0.08333333333333333,1,5000000100000000,0.9259259135802473
10,8,0.2,15,48210000,20000009,4,2,8,9,4,2,8,1,8,1.0,0.25,3,7,165,72,2.3242623645808935,0.43636363636363634,13,4,14,1.573402452417767,0.07878787878787878,3,100000471000000,0.1037133644470113
10,8,0.2,16,30000600,40000000,2,1,2,4,2,1,2,1,2,0.3333333333333333,1.0,5,0,36,24,0.9182958340544896,0.6666666666666666,3,2,15,0.9182958340544896,0.08333333333333333,1,1000020000000000,0.8333333333333334
10,8,0.2,17,40000030,18048704,2,6,11,13,2,6,11,2,14,0.2857142857142857,0.75,6,7,224,40,3.1977352121101026,0.17857142857142858,19,9,14,3.0105709342684834,0.08482142857142858,3,301320401220100,0.4173709303864263
10,8,0.2,18,50000043,60000004,3,2,5,7,3,2,5,2,8,0.375,0.25,7,7,120,38,2.20950215056624,0.31666666666666665,10,5,15,2.1709505944546685,0.08333333333333333,2,3000002300000110,0.9999998400001276
10,8,0.2,19,90006079,30000000,4,1,4,7,4,1,4,1,4,0.5,1.0,7,0,93,27,1.9793605205581077,0.2903225806451613,7,4,15,1.9502120649147467,0.07526881720430108,2,2000102200000000,0.7407285604934899
10,8,0.5,0,70001561,55005030,5,4,12,14,5,4,12,3,38,0.625,0.5714285714285714,7,6,360,76,3.3375924282112663,0.2111111111111111,32,11,15,3.2679399385868573,0.08888888888888889,9,3300437312321000,0.857158937285287
10,8,0.5,1,54700000,18090070,3,4,9,9,3,4,9,2,18,1.0,0.5714285714285714,2,6,400,101,2.937925592292758,0.2525,38,8,14,2.8732214356139147,0.095,8,450463340000000,0.4552310526590078
10,8,0.5,2,20003400,64600000,3,3,7,9,3,3,7,2,13,0.5,1.0,5,2,144,36,2.6266757881436185,0.25,12,6,15,2.4591479170272446,0.08333333333333333,4,1010233200000000,0.7817813386584962
10,8,0.5,3,79050009,15032000,4,4,11,13,4,4,11,3,28,0.5,0.8,7,4,330,66,3.2357526894175304,0.2,29,11,15,3.193682288007213,0.08787878787878788,9,1443611240210000,1.2148749131534387
10,8,0.5,4,52000500,86370850,3,6,11,13,3,6,11,3,34,0.5,0.8571428571428571,5,6,444,80,3.309535980350546,0.18018018018018017,43,11,15,3.306235464964187,0.09684684684684684,9,4434287230420000,0.9872999338257764
10,8,0.5,5,45209203,90000670,6,3,13,12,6,3,13,3,30,0.75,0.42857142857142855,7,6,550,81,3.46800499240662,0.14727272727272728,54,13,15,3.4526186333216105,0.09818181818181818,10,4410846726712200,1.084050148583252
10,8,0.5,6,90720001,30257057,4,6,13,14,4,6,13,3,52,0.5,0.75,7,7,551,104,3.3200597149151383,0.18874773139745918,54,10,15,3.1107615066410457,0.09800362976406533,9,2045861846100000,0.7453265181698937
10,8,0.5,7,90080345,90720000,5,3,9,10,5,3,9,2,27,0.625,0.75,7,3,522,90,3.015709030841561,0.1724137931034483,51,9,15,3.004678039063432,0.09770114942528736,6,8079085634100000,0.9886194012991942
10,8,0.5,8,10100005,92090000,3,3,8,8,3,3,8,2,11,0.375,0.75,7,3,140,45,2.4640845707842733,0.32142857142857145,11,5,13,2.0048861640918427,0.07857142857142857,2,11000410400000,0.011827006247928977
10,8,0.5,9,19006000,80090368,3,5,11,12,3,5,11,3,25,0.6,0.625,4,7,544,129,2.9450976203706247,0.23713235294117646,55,10,15,2.9933220966862195,0.10110294117647059,6,1703205272440000,1.118912121563893
10,8,0.5,10,60000550,80090008,3,3,9,12,3,3,9,1,9,0.42857142857142855,0.375,6,7,400,54,3.162117192180457,0.135,38,9,15,3.1632095937363847,0.095,5,4005044544004400,0.8334389294089828
10,8,0.5,11,43902300,97005007,5,4,12,14,5,4,12,3,38,0.8333333333333334,0.5,5,7,588,102,3.402392976334445,0.17346938775510204,58,12,15,3.4024699533187523,0.09863945578231292,10,4706466337012000,1.1051304168227096
10,8,0.5,12,28497000,30750608,5,5,12,9,5,5,12,3,61,1.0,0.625,4,7,870,142,3.351191093436128,0.1632183908045977,91,11,14,3.2975613316652606,0.10459770114942529,11,241125928750000,0.2751636514768158
10,8,0.5,13,30800008,93000050,3,3,8,10,3,3,8,2,11,0.375,0.42857142857142855,7,6,323,72,2.7288885883595055,0.22291021671826625,31,8,15,2.734430377705153,0.09597523219814241,4,2172002760000400,0.7582743430042932
10,8,0.5,14,50000002,33080000,2,3,6,8,2,3,6,1,6,0.25,0.75,7,3,98,40,2.276920133172311,0.40816326530612246,7,4,15,1.6644977792004612,0.07142857142857142,2,1104000000100000,0.6674727665900857
10,8,0.5,15,52056705,26500005,6,4,14,15,6,4,14,3,48,0.75,0.5,7,7,540,75,3.6319962261226366,0.1388888888888889,52,14,15,3.5863597298353778,0.0962962962962963,13,1332587742233020,0.9659912283653119
10,8,0.5,16,69906000,21028000,4,4,9,10,4,4,9,3,34,0.8,0.8,4,4,390,96,2.8344344118256837,0.24615384615384617,37,9,15,2.753486733107954,0.09487179487179487,9,1222907140000000,0.8319190316172339
10,8,0.5,17,14046807,80356630,6,6,14,13,6,6,14,5,118,0.75,0.8571428571428571,7,6,930,146,3.4782409479451095,0.15698924731182795,97,13,15,3.4559365748399182,0.1043010752688172,11,1305919623074200,1.1569567318214729
10,8,0.5,18,80380104,99060787,5,6,15,16,5,6,15,4,76,0.625,0.75,7,7,1104,147,3.6724341876389133,0.1331521739130435,114,15,15,3.6600326847476796,0.10326086956521739,15,7755904339813320,0.9740519187413422
10,8,0.5,19,94005040,51049263,4,7,14,13,4,7,14,4,68,0.5714285714285714,0.875,6,7,660,122,3.496692744733176,0.18484848484848485,65,13,15,3.424935697078009,0.09848484848484848,11,4205269863622100,0.876300896084445
10,8,0.7,0,50610100,59200401,4,5,12,13,4,5,12,3,40,0.6666666666666666,0.625,5,7,273,59,3.1072907953610542,0.21611721611721613,24,8,15,2.823934896284056,0.08791208791208792,8,2446221300000000,0.8164580953037505
10,8,0.7,1,77104723,42006042,7,5,15,16,7,5,15,4,97,0.875,0.625,7,7,558,78,3.632326887913406,0.13978494623655913,54,13,15,3.5093619287156654,0.0967741935483871,10,3410686654352100,1.0530502081189643
10,8,0.7,2,26113250,41684031,7,7,14,12,7,7,14,6,211,1.0,0.875,6,7,540,75,3.502785890452496,0.1388888888888889,54,13,15,3.416059958302405,0.1,13,1226856775311000,1.1271020219365802
10,8,0.7,3,63506420,24600803,6,5,14,14,6,5,14,4,78,0.8571428571428571,0.625,6,7,598,90,3.5183605715428166,0.1505016722408027,59,13,15,3.4517417272845208,0.09866220735785954,13,1364588926331000,0.8734437230535439
10,8,0.7,4,84072001,43000010,5,3,12,12,5,3,12,2,21,0.625,0.42857142857142855,7,6,176,40,3.020225894538692,0.22727272727272727,13,5,15,2.199687794731328,0.07386363636363637,5,3413200000000000,0.9441517363948891
10,8,0.7,5,90265258,18007090,7,4,14,15,7,4,14,4,68,0.875,0.5714285714285714,7,6,925,117,3.52999165972225,0.1264864864864865,96,13,15,3.534357946101518,0.10378378378378378,11,1704263127875700,1.0485097783662682
10,8,0.7,6,61085019,40998289,6,7,15,15,6,7,15,5,146,0.75,0.875,7,7,1470,207,3.6029582176300723,0.14081632653061224,157,15,15,3.6173394060884,0.10680272108843537,15,2170931210223880,0.8668533193019428
10,8,0.7,7,95600030,30941086,4,6,13,15,4,6,13,3,52,0.5714285714285714,0.75,6,7,713,105,3.3537424853694136,0.14726507713884993,69,12,15,3.2832772776221524,0.0967741935483871,10,2308840104002100,0.7805491873883994
10,8,0.7,8,20305406,47540296,5,7,15,13,5,7,15,5,101,0.625,0.875,7,7,740,85,3.708099929954516,0.11486486486486487,76,14,14,3.629627389524391,0.10270270270270271,14,123478996874530,0.12791442818282292
10,8,0.7,9,15000590,26039842,4,7,14,12,4,7,14,4,66,0.5714285714285714,0.875,6,7,680,121,3.370562718391453,0.17794117647058824,68,12,14,3.2825805209989767,0.1,10,130379739394100,0.33378239219232975
10,8,0.7,10,99600000,16580001,3,5,9,10,3,5,9,3,31,1.0,0.625,2,7,504,153,2.545319428606284,0.30357142857142855,50,6,15,2.28604988153611,0.0992063492063492,6,1837040000000000,1.1124351986967498
10,8,0.7,11,59708005,57203140,5,6,14,14,5,6,14,4,78,0.625,0.8571428571428571,7,6,748,108,3.5136746352335564,0.1443850267379679,76,13,15,3.468610268010536,0.10160427807486631,12,4017797782310200,1.1763475313398626
10,8,0.7,12,82163840,71434612,7,8,14,11,7,8,14,7,280,1.0,1.0,6,7,896,142,3.5748199901986264,0.15848214285714285,93,13,15,3.512037018531809,0.10379464285714286,13,5248961107842000,0.8943014532584086
10,8,0.7,13,10681300,60322856,5,7,12,13,5,7,12,5,121,0.8333333333333334,0.875,5,7,608,102,3.311177401077616,0.16776315789473684,61,11,13,3.231750693853012,0.10032894736842106,11,45365019721000,0.07040687941072882
10,8,0.7,14,66026420,92927807,6,7,14,13,6,7,14,5,158,0.8571428571428571,0.875,6,7,1144,156,3.629373310624718,0.13636363636363635,120,14,15,3.5960883247920834,0.1048951048951049,14,6780385338662100,1.1050729225941212
10,8,0.7,15,59093005,65649083,5,7,14,15,5,7,14,5,105,0.625,0.875,7,7,1271,210,3.577881886500268,0.16522423288749016,132,14,15,3.5532526347217277,0.1038552321007081,12,3895773190750410,1.0042201356076015
10,8,0.7,16,30064043,52200880,5,5,14,13,5,5,14,3,55,0.625,0.7142857142857143,7,6,500,86,3.536625636332834,0.172,47,12,15,3.41320155563308,0.094,11,1003345378335200,0.6393302391328645
10,8,0.7,17,72961661,37083266,8,7,15,15,8,7,15,7,260,1.0,0.875,7,7,1330,181,3.635558605722056,0.13609022556390976,139,14,15,3.60717110280409,0.10451127819548872,14,2665050666867400,0.9849921772937457
10,8,0.7,18,20009301,63904912,4,7,14,16,4,7,14,3,66,0.5,0.875,7,7,510,102,3.2653938464743892,0.2,48,11,15,3.0919468148305715,0.09411764705882353,9,1010679450321000,0.7904006286106673
10,8,0.7,19,98807010,77002065,5,5,14,13,5,5,14,3,53,0.7142857142857143,0.625,6,7,891,119,3.548079081559202,0.1335578002244669,91,12,15,3.4676670713588233,0.10213243546576879,12,8416779204430000,1.1062564230163037
10,8,1.0,0,68328799,55739646,8,8,15,14,8,8,15,8,344,1.0,1.0,7,7,2340,273,3.7113455085286606,0.11666666666666667,252,15,15,3.701372123006529,0.1076923076923077,15,3912960216334950,1.027394978870482
10,8,1.0,1,69351559,37158667,8,8,15,15,8,8,15,8,344,1.0,1.0,7,7,1849,226,3.740616741542341,0.12222823147647377,198,15,15,3.7348710424099054,0.10708491076257437,15,2790693635862960,1.0829185861780786
10,8,1.0,2,77725932,25634173,8,8,15,16,8,8,15,8,344,1.0,1.0,7,7,1302,173,3.62239708754928,0.13287250384024576,135,14,15,3.5756884924406536,0.10368663594470046,14,1612339960795200,0.8092288705965599
10,8,1.0,3,25725976,73233111,8,8,15,16,8,8,15,8,344,1.0,1.0,7,7,903,120,3.5971161914647314,0.132890365448505,91,14,15,3.5156786231549253,0.10077519379844961,14,1475944297542100,0.7834127287071815
10,8,1.0,4,27988268,58624427,8,8,15,15,8,8,15,8,344,1.0,1.0,7,7,1900,235,3.682700225216119,0.12368421052631579,204,15,15,3.6745548695856782,0.10736842105263159,15,1749112570426650,1.06601453483736
10,8,1.0,5,94183897,48199183,8,8,15,16,8,8,15,8,344,1.0,1.0,7,7,2107,267,3.6666650664920213,0.1267204556241101,225,15,15,3.664331484202736,0.10678690080683437,15,4966171037261820,1.093969817234384
10,8,1.0,6,79739766,82678542,8,8,15,15,8,8,15,8,344,1.0,1.0,7,7,2268,274,3.6428723120528805,0.12081128747795414,244,15,15,3.626328534393319,0.10758377425044091,15,7048902173937310,1.0691871168291747
10,8,1.0,7,42898787,36517493,8,8,15,15,8,8,15,8,344,1.0,1.0,7,7,2014,259,3.608605554899821,0.12859980139026814,215,15,15,3.5882712485993236,0.1067527308838133,15,1371796906192820,0.8756768167593345
10,8,1.0,8,61844919,67278885,8,8,15,15,8,8,15,8,344,1.0,1.0,7,7,2142,261,3.696288183687806,0.12184873949579832,231,15,15,3.689194390277885,0.10784313725490197,15,4594647904293840,1.1042551308330837
10,8,1.0,9,17784332,83924268,8,8,15,15,8,8,15,8,344,1.0,1.0,7,7,1470,169,3.644765989909217,0.11496598639455782,154,15,15,3.608325103069564,0.10476190476190476,15,1717676896164310,1.1508437274332537
10,8,1.0,10,88476936,82515197,8,8,15,13,8,8,15,8,344,1.0,1.0,7,7,1938,272,3.767908558413213,0.14035087719298245,207,15,15,3.7609059081775884,0.10681114551083591,15,8013613099570740,1.0976511972720304
10,8,1.0,11,63846462,94783211,8,8,15,15,8,8,15,8,344,1.0,1.0,7,7,1365,180,3.5025132325284747,0.13186813186813187,143,13,15,3.430820673698877,0.10476190476190476,13,6757010730521000,1.1165710284830206
10,8,1.0,12,75848815,81218774,8,8,15,14,8,8,15,8,344,1.0,1.0,7,7,1748,216,3.673719288486449,0.12356979405034325,187,15,15,3.6702833867247144,0.10697940503432495,15,6598812521647420,1.0711753256174323
10,8,1.0,13,88485449,25889559,8,8,15,15,8,8,15,8,344,1.0,1.0,7,7,2550,314,3.685490090637807,0.12313725490196079,275,15,15,3.6776837500981236,0.10784313725490197,15,2750691738580880,1.2007301377629478
10,8,1.0,14,42967891,68375181,8,8,15,16,8,8,15,8,344,1.0,1.0,7,7,1794,260,3.550485622610625,0.14492753623188406,192,14,15,3.5183701146558275,0.10702341137123746,14,2606950539398100,0.8873404200368578
10,8,1.0,15,59898727,83253384,8,8,15,14,8,8,15,8,344,1.0,1.0,7,7,1980,259,3.716767427158545,0.13080808080808082,212,15,15,3.690427657935021,0.10707070707070707,15,5027024050827620,1.0080718214197926
10,8,1.0,16,16533779,99638875,8,8,15,14,8,8,15,8,344,1.0,1.0,7,7,2255,306,3.6725227149716844,0.13569844789356986,243,15,15,3.664738725710415,0.10776053215077605,15,1823531594117040,1.1069100958000324
10,8,1.0,17,56216641,11689324,8,8,15,13,8,8,15,8,344,1.0,1.0,7,7,1054,158,3.500253959002659,0.14990512333965844,110,13,14,3.4083523464139045,0.10436432637571158,13,150322682863100,0.22875480713331178
10,8,1.0,18,94983399,16833711,8,8,15,15,8,8,15,8,344,1.0,1.0,7,7,1620,213,3.596603136462527,0.13148148148148148,170,14,15,3.5416493955045243,0.10493827160493827,14,1725018336007100,1.078862609681046
10,8,1.0,19,29184187,35674747,8,8,15,15,8,8,15,8,344,1.0,1.0,7,7,1720,229,3.6752570019861754,0.13313953488372093,183,15,15,3.6724113834278636,0.1063953488372093,15,1482562259829840,1.4239818020855377
10,16,0.2,0,2004000200000700,9480000000006000,4,4,15,19,4,4,15,2,18,0.2857142857142857,0.3076923076923077,13,12,405,80,3.5613340176066566,0.19753086419753085,34,13,31,3.2705676203439467,0.08395061728395062,4,10131301010016380001000004000000,0.5332846963719525
10,16,0.2,1,9400000000018870,1000874002000040,6,6,25,27,6,6,25,3,62,0.4,0.4,14,14,962,144,4.006158774609383,0.1496881496881497,92,19,27,3.7359784644068346,0.09563409563409564,11,9061010001439458311100332000,0.0009630954868120488
10,16,0.2,2,2050000000400064,4000009000000000,5,2,10,15,5,2,10,1,10,0.3125,0.2857142857142857,15,6,273,54,3.134265468771406,0.1978021978021978,22,9,29,2.9540036423298544,0.08058608058608059,3,200010401000213000530000000000,0.024391457431559845
10,16,0.2,3,7000004004000100,8000806004000200,4,5,13,19,4,5,13,3,36,0.2857142857142857,0.35714285714285715,13,13,448,74,3.3512401811857404,0.16517857142857142,40,11,31,3.2033013852822605,0.08928571428571429,2,50005070063025040011001000000000,0.8928572131204096
10,16,0.2,4,8604000000000440,2025000010090120,5,7,23,24,5,7,23,4,69,0.3333333333333333,0.4666666666666667,14,14,572,76,4.0629777732127375,0.13286713286713286,51,17,31,3.796959842133367,0.08916083916083917,7,11263120000852623200000033010000,0.6464475291268748
10,16,0.2,5,5900900000000408,9090000000000000,5,2,9,13,5,2,9,2,12,0.3125,0.6666666666666666,15,2,630,108,3.095624002524241,0.17142857142857143,63,10,31,3.170217481367949,0.1,5,58588080000003200700000000000000,1.0922627621775052
10,16,0.2,6,7000004000000090,9240000800206909,3,8,19,27,3,8,19,2,34,0.2,0.5,14,15,980,108,4.0097556502106055,0.11020408163265306,95,20,31,3.987409135832755,0.09693877551020408,5,61200046101060884023200010680800,0.9461967506115171
10,16,0.2,7,2100020000000000,1030600000000000,3,3,8,9,3,3,8,2,11,0.5,0.6,5,4,50,12,2.687585439212223,0.24,2,2,27,1.0,0.04,1,1000010000000000000000000000,0.00046205191436608404
10,16,0.2,8,9700000000005004,6770022000000000,4,5,16,18,4,5,16,2,28,0.25,0.7142857142857143,15,6,600,112,3.6068054398497327,0.18666666666666668,56,14,31,3.4475942858553132,0.09333333333333334,7,72140231000033323310000000000000,1.098539593592819
10,16,0.2,9,6001000001601005,2000005000700002,6,4,18,19,6,4,18,3,38,0.375,0.25,15,15,320,54,3.5728812537272976,0.16875,28,11,31,3.240415529881632,0.0875,3,10000030015000033001420004000010,0.8331948849208127
10,16,0.2,10,3000000050000000,4000000009000000,2,2,4,7,2,2,4,1,4,0.2222222222222222,0.2,8,9,104,45,1.8449256431444563,0.4326923076923077,9,4,31,1.8365916681089791,0.08653846153846154,2,10000000220000000400000000000000,0.8333333359027777
10,16,0.2,11,9020000030000000,6000000100004118,3,6,15,19,3,6,15,3,26,0.3333333333333333,0.375,8,15,294,77,3.251999106079972,0.2619047619047619,25,11,31,3.0432156925345843,0.08503401360544217,4,50100001100031270100100200000000,0.9257206226601472
10,16,0.2,12,4007000000300000,1000030000260006,3,5,13,19,3,5,13,2,19,0.2727272727272727,0.3125,10,15,252,42,3.416358250559319,0.16666666666666666,20,10,26,3.084183719779189,0.07936507936507936,3,100201201430040010001000000,2.5005788732373944e-05
10,16,0.2,13,8060908400000000,5000000060000000,5,2,10,14,5,2,10,1,10,0.625,0.2222222222222222,7,8,385,54,3.265053227927416,0.14025974025974025,36,10,31,3.2607845582978525,0.09350649350649351,3,40304042403050520000000000000000,0.9999875924505486
10,16,0.2,14,9200508307000000,5006080000000306,6,5,21,23,6,5,21,3,50,0.6,0.3125,9,15,952,123,4.157136442528711,0.12920168067226892,93,22,31,4.186468694629372,0.0976890756302521,15,41054764222763651105153040000000,0.8913616703201792
10,16,0.2,15,6000010000000800,1065000900000000,3,4,11,12,3,4,11,2,14,0.21428571428571427,0.5,13,7,315,72,2.9259505006654027,0.22857142857142856,28,6,29,2.5116165314328214,0.08888888888888889,2,330006000000054000700000000000,0.05164400173917329
10,16,0.2,16,8003009000009290,7200000000000000,6,2,10,14,6,2,10,2,16,0.4,1.0,14,1,360,67,3.02895625551998,0.18611111111111112,31,9,31,2.8608462139487756,0.08611111111111111,4,51020061000063610000000000000000,0.8854319148377744
10,16,0.2,17,6800024000000700,5000000000000808,5,3,14,18,5,3,14,2,17,0.35714285714285715,0.1875,13,15,567,83,3.6033391249118356,0.14638447971781304,53,14,31,3.574842455724431,0.09347442680776014,4,34000120000008656013130000505000,0.99999999999999
10,16,0.2,18,7000302005000000,3000006000080301,4,5,15,20,4,5,15,3,32,0.4,0.3125,9,15,357,61,3.509278521841376,0.17086834733893558,31,12,31,3.3051829078461092,0.08683473389355742,5,20000040012512060201401000000000,0.9523398656082551
10,16,0.2,19,9005309016080000,6006000000010200,7,4,19,23,7,4,19,3,48,0.5833333333333334,0.2857142857142857,11,13,615,90,3.7016329054908685,0.14634146341463414,55,16,31,3.526573014100208,0.08943089430894309,4,50081081190632501101002010000000,0.9259547164728223
10,16,0.5,0,9675077000750012,3400906886990909,10,11,31,24,10,11,31,7,496,0.625,0.6875,15,15,4480,304,4.568276591752666,0.06785714285714285,485,31,31,4.546030233369957,0.10825892857142858,31,35562102216626261549997979611110,1.0807823761280717
10,16,0.5,1,6000030052090328,2002790900002000,8,6,24,24,8,6,24,4,120,0.5,0.46153846153846156,15,12,1178,138,4.158503071569827,0.11714770797962648,117,22,31,4.06503554125128,0.09932088285229201,17,10014605123387640549127100010000,0.8333833022424896
10,16,0.5,2,8000702420000434,7205200202070060,8,8,29,28,8,8,29,5,186,0.5,0.5333333333333333,15,14,1122,96,4.545348774869148,0.0855614973262032,108,27,31,4.491406053278648,0.0962566844919786,10,51046128333805994592232032322200,0.8855001477778193
10,16,0.5,3,7000002000543083,9003000600085909,7,7,24,30,7,7,24,3,119,0.4375,0.4375,15,15,1568,136,4.375856494859112,0.08673469387755102,160,25,31,4.401901493391309,0.10204081632653061,14,60020024015979990743218975213720,0.9523809977971968
10,16,0.5,4,5419703382700580,5024701450080404,12,10,30,29,12,10,30,7,626,0.8,0.625,14,15,2728,212,4.632535989284785,0.07771260997067449,290,30,31,4.62382397389923,0.1063049853372434,30,22289605486975367871866659232300,0.8184960741007268
10,16,0.5,5,8000066100500002,7000000000606003,6,4,17,22,6,4,17,3,40,0.375,0.25,15,15,616,83,3.8037039174291882,0.13474025974025974,57,15,31,3.720950708768184,0.09253246753246754,8,50000440008040074431523002010000,0.8928576227743638
10,16,0.5,6,4190130740300000,1001051011305700,8,9,24,20,8,9,24,7,290,0.7272727272727273,0.6428571428571429,10,13,800,94,4.096179698909713,0.1175,79,19,26,3.950041155009483,0.09875,19,315215297792544821200000000,7.514905149650354e-05
10,16,0.5,7,4090100007500008,6000654900200021,6,8,26,29,6,8,26,4,112,0.375,0.5,15,15,1190,128,4.334837496424388,0.10756302521008404,117,24,31,4.257121417195691,0.09831932773109243,14,20503278634125920506537112000100,0.8353928146512569
10,16,0.5,8,5000860000070200,5600904083480000,5,8,21,22,5,8,21,3,86,0.35714285714285715,0.6666666666666666,13,11,1316,151,4.166936396675783,0.11474164133738601,133,21,31,4.147688223400434,0.10106382978723404,14,23009852177218855406256010000000,0.8215064860969237
10,16,0.5,9,2044002709006533,7003166208000005,10,8,28,25,10,8,28,6,292,0.625,0.5,15,15,1710,170,4.466727681580173,0.09941520467836257,176,27,31,4.432465967187502,0.10292397660818714,20,10330258723771130976598360032110,0.721664426608753
10,16,0.5,10,4000000410084454,3188001500060095,8,9,29,25,8,9,29,7,238,0.5,0.5625,15,15,1564,172,4.48711227768858,0.10997442455242967,163,27,31,4.457324833029692,0.10421994884910486,24,10330003134541919003380342067620,0.810068790377285
10,16,0.5,11,8080055104800083,1008820700909820,9,9,29,29,9,9,29,6,295,0.5625,0.6,15,14,2700,213,4.558039520617008,0.07888888888888888,286,27,29,4.54887299140006,0.10592592592592592,27,177977664652942095113893894000,0.021834195565464818
10,16,0.5,12,3390300030000158,4929121508351200,8,13,29,28,8,13,29,6,422,0.5,0.9285714285714286,15,13,1820,138,4.6411014107251995,0.07582417582417582,187,29,31,4.620968377126875,0.10274725274725274,29,14928236506459741093345585411000,0.8933072307149934
10,16,0.5,13,2075003610265180,8908000063003016,11,8,30,28,11,8,30,6,318,0.7333333333333333,0.5,14,15,2024,184,4.639654232385947,0.09090909090909091,206,30,31,4.615365884935815,0.10177865612648221,30,12725678762429986156559412631400,0.6884650337978955
10,16,0.5,14,1040600000450809,1750700172000364,7,10,31,29,7,10,31,5,200,0.4375,0.625,15,15,1591,139,4.607489003272607,0.08736643620364551,161,27,29,4.54096814061896,0.10119421747328725,21,133450403606121493253865456530,0.07325281108404928
10,16,0.5,15,1738403079090604,5806700806070805,11,9,28,28,11,9,28,7,411,0.6875,0.5625,15,15,3660,272,4.584361801960608,0.07431693989071038,393,29,31,4.613026183627122,0.10737704918032787,27,15795103493011556914810682206020,1.5647412943955665
10,16,0.5,16,3770078068900800,6003052027000302,9,8,28,28,9,8,28,5,242,0.6428571428571429,0.5,13,15,1890,152,4.4723643842045675,0.08042328042328042,195,28,31,4.437685351991948,0.10317460317460317,27,24412895937265657950158412201000,1.0786904881281336
10,16,0.5,17,5079014607550450,6000040809200001,11,6,27,29,11,6,27,4,200,0.7333333333333333,0.375,14,15,1740,143,4.379089217940906,0.08218390804597701,177,23,31,4.302767570911815,0.10172413793103448,20,30450240663339284838954510000000,0.9992106707455322
10,16,0.5,18,2930000750740009,8031820804908008,8,10,29,26,8,10,29,5,276,0.5,0.625,15,15,2714,190,4.622453886219124,0.07000736919675755,287,29,31,4.6360109170950885,0.10574797347089167,28,27334859177032694118469764370070,1.161542483279327
10,16,0.5,19,7807188000090050,2000728020040307,8,8,27,26,8,8,27,5,190,0.5333333333333333,0.5,14,15,1855,140,4.495366832089762,0.07547169811320754,190,27,31,4.468037532022408,0.10242587601078167,20,11027001540605034217064022610300,0.705951301672717
10,16,0.7,0,3298200132339556,7090067120049943,14,11,31,27,14,11,31,11,972,0.875,0.6875,15,15,3721,302,4.717709028804706,0.08116097823165816,400,31,31,4.711503698154569,0.10749798441279226,31,22990970619973546363631479859410,0.9831730265144539
10,16,0.7,1,5510542249808012,2712060782020558,13,12,31,30,13,12,31,11,994,0.8125,0.75,15,15,3080,225,4.665871731561233,0.07305194805194805,328,31,31,4.628437732305972,0.10649350649350649,31,14422879365570941568602731571110,0.9650686678241188
10,16,0.7,2,6285033402212706,8099089464502081,13,12,31,27,13,12,31,11,1034,0.8125,0.75,15,15,3723,246,4.687571093627617,0.06607574536663981,399,30,31,4.673548380908394,0.10717163577759871,30,53433170530930983085557955271400,1.0497047392599284
10,16,0.7,3,6009084006555332,4299804310157530,11,13,30,30,11,13,30,9,875,0.6875,0.8666666666666667,15,14,3416,225,4.636403157194484,0.06586651053864169,362,29,31,4.599724365570751,0.10597189695550352,29,21698369482956566370912208631000,0.8397889076979277
10,16,0.7,4,3720700572089063,4090709093181612,11,12,31,27,11,12,31,8,710,0.6875,0.75,15,15,3540,222,4.6529922420456415,0.06271186440677966,378,30,31,4.628373794750899,0.10677966101694915,30,13477720459653655221338491652100,0.8855093011183116
10,16,0.7,5,9000079080601072,4708114678231124,8,15,30,31,8,15,30,8,612,0.5,0.9375,15,15,2891,241,4.552772238236313,0.08336215842269111,305,29,31,4.519805139225882,0.10549982704946385,27,46071644918931467123230145111300,1.087277398276831
10,16,0.7,6,9007533587860300,7173015561463805,11,14,28,29,11,14,28,10,1122,0.7857142857142857,0.875,13,15,3968,262,4.571292974757888,0.06602822580645161,425,28,31,4.5584132233940595,0.10710685483870967,27,61786044799029298553116505501000,0.956274845027053
10,16,0.7,7,5090921457919102,6708710019170373,13,12,31,29,13,12,31,10,1030,0.8125,0.75,15,15,3840,356,4.651918941985163,0.09270833333333334,413,30,31,4.636899979599256,0.10755208333333334,30,34721703690948963730411717831100,1.0166362931086057
10,16,0.7,8,8841767936701151,4101021159041332,15,13,31,28,15,13,31,13,1573,0.9375,0.8125,15,15,2738,222,4.565888743988761,0.08108108108108109,290,30,31,4.526921342247994,0.10591672753834916,30,34224569097361359707220053122100,0.9438584467407646
10,16,0.7,9,6361388076759607,6510095500988645,14,12,31,31,14,12,31,11,1140,0.875,0.75,15,15,5822,358,4.67240889347695,0.06149089659910684,632,31,31,4.6648630731269565,0.10855376159395397,31,45645476278356331974923154737330,1.1021951429394892
10,16,0.7,10,3409778047406071,7595000946109216,12,12,31,29,12,12,31,9,828,0.75,0.75,15,15,4288,285,4.665589521535215,0.06646455223880597,460,30,31,4.644338754767602,0.10727611940298508,30,24635030085638520647531014761400,0.9512598226579504
10,16,0.7,11,9706012862006272,1450291007080150,12,10,30,24,12,10,30,9,594,0.75,0.6666666666666666,15,14,2494,190,4.652630171334482,0.07618283881315156,263,30,31,4.652156159991457,0.10545308740978349,30,15746386252512915743696136523100,1.1186259342345397
10,16,0.7,12,1980414000010070,5630490800240801,8,10,28,27,8,10,28,6,284,0.5333333333333333,0.625,14,15,1750,151,4.437450850947984,0.08628571428571429,180,24,31,4.395611353583087,0.10285714285714286,20,17086072204079335659060022050000,1.5322865741021052
10,16,0.7,13,8922059443900065,1009880258027085,12,11,31,27,12,11,31,9,748,0.75,0.6875,15,15,4158,303,4.619235264039176,0.07287157287157287,448,30,30,4.615190568534503,0.10774410774410774,30,1207827688240327486957436545720,0.13405097786251455
10,16,0.7,14,1286932838218673,3650704070705166,16,11,31,28,16,11,31,11,1216,1.0,0.6875,15,15,4389,281,4.714627302749826,0.06402369560264297,472,30,30,4.691063568933072,0.10754158122579176,30,1493352982239012264801659118610,0.3178556684123996
10,16,0.7,15,4004742038360109,3776760168536672,11,15,31,28,11,15,31,10,1161,0.6875,0.9375,15,15,4080,263,4.685718923547486,0.0644607843137255,440,31,31,4.6682324550348095,0.10784313725490197,31,13349334788190737006036060566610,0.8826035522613535
10,16,0.7,16,3600707885056078,3008948394300304,11,11,30,29,11,11,30,8,649,0.6875,0.6875,15,15,4060,293,4.538328154639422,0.07216748768472907,436,30,31,4.517909413109266,0.10738916256157635,28,11040796706725338876207494242330,1.01905537554071
10,16,0.7,17,8020000542610007,9198687429990000,8,12,27,26,8,12,27,7,456,0.5,1.0,15,11,2835,208,4.5538102539849055,0.07336860670194004,297,27,31,4.544544918971373,0.10476190476190476,27,71977880984177385097513266600000,0.9756606677637514
10,16,0.7,18,6325940700080578,7246057929416401,11,14,31,31,11,14,31,9,944,0.6875,0.875,15,15,4288,271,4.696566228880895,0.06319962686567164,459,29,31,4.663278122803814,0.1070429104477612,29,43602372536552130498687747873000,0.9512248841927715
10,16,0.7,19,9600802004726592,8501020429238869,11,13,31,29,11,13,31,8,841,0.6875,0.8125,15,15,4020,277,4.715140625913407,0.06890547263681591,432,31,31,4.701396026677267,0.10746268656716418,31,89317635667622768572312533092910,1.0943560546425222
10,16,1.0,0,7445922472711225,6112432178118999,16,16,31,30,16,16,31,16,2736,1.0,1.0,15,15,4608,308,4.703433482775785,0.06684027777777778,496,31,31,4.688357551815564,0.1076388888888889,31,43470792988881066419115361698640,0.9551355269350486
10,16,1.0,1,5296837779118368,1512893537722931,16,16,31,28,16,16,31,16,2736,1.0,1.0,15,15,6120,411,4.613121968308783,0.06715686274509804,663,29,30,4.593667629437724,0.10833333333333334,29,3381596824718137390087765899300,0.42198477952524976
10,16,1.0,2,9279262989146874,1533957243662495,16,16,31,26,16,16,31,16,2736,1.0,1.0,15,15,6882,427,4.6941222207508515,0.06204591688462656,752,31,31,4.688101723239956,0.10927056088346411,31,15607643813899888061422917662720,1.0965049769884256
10,16,1.0,3,1792421399963216,5913221164394188,16,16,31,30,16,16,31,16,2736,1.0,1.0,15,15,4958,330,4.704551406291995,0.06655909640984267,533,31,31,4.694972088850722,0.10750302541347317,31,16207979548909407880757938363640,1.529201224158735
10,16,1.0,4,3477434719559654,6637685175538756,16,16,31,26,16,16,31,16,2736,1.0,1.0,15,15,7304,490,4.705384895259752,0.06708652792990143,797,31,31,4.699753397238291,0.109118291347207,31,25947036705868281149652892969520,1.1241185907245042
10,16,1.0,5,7381313127982797,1431478887595964,16,16,31,27,16,16,31,16,2736,1.0,1.0,15,15,6942,417,4.657427240885677,0.06006914433880726,757,31,31,4.646374586496068,0.10904638432728321,31,13458059237218096647876069495820,1.2736903522361342
10,16,1.0,6,3263146176991543,5368473986759978,16,16,31,30,16,16,31,16,2736,1.0,1.0,15,15,7280,442,4.631137248808969,0.060714285714285714,792,31,31,4.618769920682191,0.1087912087912088,31,12680448384921033224541015920520,0.7238477495932947
10,16,1.0,7,3147568119832496,7182499772187235,16,16,31,25,16,16,31,16,2736,1.0,1.0,15,15,6314,406,4.651028114404382,0.06430155210643015,688,31,31,4.638282175209348,0.10896420652518214,31,21681801926176787784964768486630,0.9590574290526955
10,16,1.0,8,9717636518417321,3688359918785998,16,16,31,31,16,16,31,16,2736,1.0,1.0,15,15,7526,500,4.6767752777033005,0.06643635397289396,821,30,31,4.66184747916938,0.1090884932234919,30,39489325085504792361417516315200,1.1017568688652568
10,16,1.0,9,6324517597818193,9187447122862863,16,16,31,26,16,16,31,16,2736,1.0,1.0,15,15,6162,425,4.703702557165094,0.06897111327491075,669,30,31,4.687514899965193,0.1085686465433301,30,54923329697428989874487509118400,0.9452236956083951
10,16,1.0,10,4543527465796459,9323195742892982,16,16,31,28,16,16,31,16,2736,1.0,1.0,15,15,7055,442,4.692072568455539,0.06265060240963856,768,31,31,4.681446482880505,0.10885896527285613,31,46680190360092827743619210133810,1.1019823997208111
10,16,1.0,11,2481839217681535,9824894881949722,16,16,31,30,16,16,31,16,2736,1.0,1.0,15,15,6862,487,4.645899415011679,0.07097056251821626,748,31,31,4.632989437068797,0.10900612066452929,31,27216278782556791419016465085110,1.116161888622982
10,16,1.0,12,5285396234356695,5183596287874922,16,16,31,27,16,16,31,16,2736,1.0,1.0,15,15,6966,439,4.664107123899069,0.06302038472581108,758,31,31,4.651712871410737,0.10881424059718633,31,22885016998099130641611972737210,0.8353000707808657
10,16,1.0,13,8229974682511996,2676222176485139,16,16,31,30,16,16,31,16,2736,1.0,1.0,15,15,6248,450,4.740612432912768,0.07202304737516005,679,31,31,4.739050717800814,0.10867477592829705,31,26915031678434337993558621293050,1.2220085117378328
10,16,1.0,14,2986689431172779,1176292826833762,16,16,31,31,16,16,31,16,2736,1.0,1.0,15,15,6497,429,4.67163561904888,0.06603047560412498,704,30,30,4.660028828070083,0.10835770355548714,30,1515848324861390324563029442610,0.43146963204927086
10,16,1.0,15,8237952621619377,2347371136535867,16,16,31,29,16,16,31,16,2736,1.0,1.0,15,15,5538,367,4.7475879026373295,0.06626941133983387,600,31,31,4.732695834484027,0.10834236186348863,31,13601769122095639361612121692940,0.703387018348213
10,16,1.0,16,5485765656355526,1697724865699854,16,16,31,24,16,16,31,16,2736,1.0,1.0,15,15,7968,512,4.661951065199928,0.0642570281124498,873,30,30,4.652796731317761,0.1095632530120482,30,5061380492718019585953850728420,0.5434560477356538
10,16,1.0,17,6791558185742221,8489884185184328,16,16,31,31,16,16,31,16,2736,1.0,1.0,15,15,6497,419,4.642154245864925,0.0644913036786209,704,30,31,4.619483393677302,0.10835770355548714,30,60798140916570519768325610632100,1.0544332880594214
10,16,1.0,18,1833458422956933,3842795373631668,16,16,31,29,16,16,31,16,2736,1.0,1.0,15,15,6075,385,4.685088304415558,0.06337448559670782,659,30,30,4.673507198798068,0.10847736625514404,30,4879723260745665996501189641420,0.6925910383774994
10,16,1.0,19,3192226663868689,8431713799478789,16,16,31,30,16,16,31,16,2736,1.0,1.0,15,15,8075,475,4.677419534421825,0.058823529411764705,881,31,31,4.668332443553806,0.10910216718266254,31,22967766152572372194153917380580,0.8533146074906415
16,8,0.2,0,4026830848,2684502016,3,3,6,8,3,3,6,2,15,0.6,0.6,4,4,448,150,2.1538137278849554,0.33482142857142855,26,5,15,2.0443377940656453,0.05803571428571429,2,10377577780169670656,0.959994789268242
16,8,0.2,1,268464128,2274363136,2,4,7,9,2,4,7,2,10,0.4,0.6666666666666666,4,5,248,63,2.4126883334514897,0.2540322580645161,12,4,11,2.0,0.04838709677419355,3,56281301778432,9.217604349196747e-05
16,8,0.2,2,536872968,2952790016,3,1,3,6,3,1,3,1,3,0.375,1.0,7,0,198,88,1.3921472236645345,0.4444444444444444,11,3,15,1.3485878960124222,0.05555555555555555,1,1152927023639822336,0.7272734235606838
16,8,0.2,3,3489697792,805306371,2,2,4,8,2,2,4,1,4,0.4,0.25,4,7,132,39,1.9760206482366152,0.29545454545454547,6,4,15,1.9182958340544896,0.045454545454545456,1,2305860609989738496,0.8205104128397832
16,8,0.2,4,4026531840,1879674880,1,3,3,5,1,3,3,1,3,1.0,0.6,0,4,375,135,1.5754508105601306,0.36,22,3,15,1.5726236638951638,0.058666666666666666,2,6919921564943122432,0.9142970041003403
16,8,0.2,5,2147483648,2852849744,1,5,5,7,1,5,5,1,5,1.0,0.7142857142857143,0,6,352,88,2.275296387337426,0.25,21,5,15,2.257606878811597,0.05965909090909091,2,6126307403592892416,0.9999770222739077
16,8,0.2,6,3422552072,3321888768,3,2,5,6,3,2,5,2,8,0.375,1.0,7,1,576,216,2.1352130207431887,0.375,35,5,15,2.1321486210790974,0.06076388888888889,3,11331056689039278080,0.9966329966408668
16,8,0.2,7,2415964160,2147545184,2,3,5,10,2,3,5,2,8,0.4,0.42857142857142855,4,6,580,223,2.0954739518578323,0.38448275862068965,34,5,15,2.0851132886953017,0.05862068965517241,1,4611914925692944384,0.8888909610152816
16,8,0.2,8,2952790016,3221250048,1,2,2,4,1,2,2,1,2,1.0,0.4,0,4,198,132,0.9182958340544896,0.6666666666666666,12,2,15,0.9182958340544896,0.06060606060606061,1,9223442405598953472,0.9696969696969697
16,8,0.2,9,536870912,1325400576,1,3,3,3,1,3,3,1,3,1.0,0.5,0,5,42,30,1.1254908068679137,0.7142857142857143,1,1,14,-0.0,0.023809523809523808,1,72057594037927936,0.10126578366599412
16,8,0.2,10,2684354560,2952790016,1,1,1,2,1,1,1,1,1,1.0,1.0,0,0,110,110,-0.0,1.0,6,1,15,-0.0,0.05454545454545454,1,6917529027641081856,0.8727272727272727
16,8,0.2,11,2694841359,3053486080,4,3,11,12,4,3,11,2,14,0.5,0.6,7,4,975,165,3.332255543570918,0.16923076923076924,61,11,15,3.3438621372756137,0.06256410256410257,10,8391423790525382656,1.0197800372827819
16,8,0.2,12,407896064,3758751744,3,2,6,7,3,2,6,1,6,1.0,0.5,2,3,336,112,2.243677930534699,0.3333333333333333,20,5,15,2.1211274733371868,0.05952380952380952,3,1675430320846929920,1.0927811966147554
16,8,0.2,13,3489660928,1348468742,1,3,3,6,1,3,3,1,3,1.0,0.375,0,7,221,78,1.5798634010685344,0.35294117647058826,12,3,15,1.584962500721156,0.05429864253393665,1,4629700434116739072,0.9838497420654339
16,8,0.2,14,1624300814,4032827136,5,3,9,14,5,3,9,3,29,0.625,0.5,7,5,2124,483,3.002592251967955,0.2274011299435028,136,11,15,3.087975203910643,0.064030131826742,9,5828276385101172736,0.8897419549104928
16,8,0.2,15,2466250766,2952835072,3,2,6,10,3,2,6,1,6,0.375,0.4,7,4,572,154,2.370163509527602,0.2692307692307692,34,6,15,2.37928048729106,0.05944055944055944,2,7061752006511755264,0.9696969695003763
16,8,0.2,16,3758108672,4032036878,2,4,7,10,2,4,7,2,10,0.4,0.5,4,7,646,210,2.356816381117644,0.32507739938080493,38,7,15,2.275129614132221,0.058823529411764705,3,15006873692254896128,0.99036753938217
16,8,0.2,17,1610612736,989908992,1,3,3,5,1,3,3,1,3,1.0,0.6,0,4,162,78,1.3876892931631746,0.48148148148148145,9,3,15,1.3921472236645345,0.05555555555555555,2,1441222249502736384,0.9039503138486492
16,8,0.2,18,1744848801,2281701536,6,3,12,14,6,3,12,3,34,0.75,0.42857142857142855,7,6,936,196,3.2027832824823896,0.2094017094017094,56,10,15,3.0990557627228172,0.05982905982905983,4,3981224719623151616,1.0000001331986514
16,8,0.2,19,1610612736,3221287152,1,3,3,6,1,3,3,1,3,1.0,0.42857142857142855,0,6,252,90,1.5774062828523454,0.35714285714285715,14,3,15,1.5774062828523454,0.05555555555555555,1,4611774322954993664,0.8888888888888888
16,8,0.5,0,1087400304,1192164612,5,6,14,15,5,6,14,4,82,0.7142857142857143,0.75,6,7,2223,363,3.357221546941967,0.1632928475033738,140,14,15,3.3101324360041002,0.06297795771479982,14,1241152111394627840,0.9574130309218679
16,8,0.5,1,1488986112,352383040,4,4,10,10,4,4,10,2,28,0.8,0.5714285714285714,4,6,675,200,2.8396415617952,0.2962962962962963,40,8,14,2.7373261452560085,0.05925925925925926,8,158849478185451520,0.302747208639311
16,8,0.5,2,3222080131,1344274768,5,4,12,15,5,4,12,3,38,0.625,0.5714285714285714,7,6,598,100,3.3533070805402128,0.16722408026755853,32,10,15,3.167837797403416,0.05351170568561873,5,3464399932423872512,0.7998409543709697
16,8,0.5,3,1880156816,2114646256,5,5,13,14,5,5,13,4,59,0.7142857142857143,0.7142857142857143,6,6,2501,345,3.424726926650737,0.13794482207117154,160,12,15,3.3998041914274983,0.06397441023590564,10,3893048939588976640,0.9791699166544235
16,8,0.5,4,973112064,3842561795,4,6,13,13,4,6,13,4,56,0.6666666666666666,0.75,5,7,1200,233,3.2303069583010258,0.19416666666666665,74,12,15,3.1838619499219747,0.06166666666666667,12,4121636252809232384,1.1022648137468163
16,8,0.5,5,2684354964,1862271040,4,3,9,9,4,3,9,3,20,0.5,0.42857142857142855,7,6,600,159,2.616723304838294,0.265,36,7,15,2.498953392597281,0.06,3,5260204889560064256,1.052252162703458
16,8,0.5,6,3087765617,3306553392,6,5,13,13,6,5,13,4,82,0.75,0.7142857142857143,7,6,1269,211,3.2501444539537383,0.16627265563435775,78,12,15,3.2416612938916547,0.061465721040189124,11,9893797907904073728,0.9690432671303039
16,8,0.5,7,3221262336,1610729964,2,6,10,11,2,6,10,2,16,0.4,0.75,4,7,1134,198,3.153020534163853,0.1746031746031746,71,10,15,3.153761723024288,0.06261022927689594,9,4612187097053659136,0.8889105976918615
16,8,0.5,8,275776656,1610809358,4,3,10,12,4,3,10,2,16,0.5714285714285714,0.375,6,7,483,126,2.754318283160209,0.2608695652173913,26,7,13,2.563223125245059,0.053830227743271224,2,9010704333944576,0.02028416312126841
16,8,0.5,9,3452829696,3237511171,4,5,11,12,4,5,11,3,44,1.0,0.625,3,7,2346,459,3.0833317120500583,0.1956521739130435,151,11,15,3.0474102687216438,0.06436487638533675,11,11276919841516158976,1.0087976447522313
16,8,0.5,10,2746279936,3523217664,5,3,10,12,5,3,10,3,27,0.8333333333333334,0.5,5,5,1104,222,3.0944539242458102,0.20108695652173914,70,10,15,3.1133329249888013,0.06340579710144928,8,9552924491068211200,0.9873066592743543
16,8,0.5,11,3230662667,269277696,3,4,10,12,3,4,10,2,16,0.375,0.6666666666666666,7,5,1152,228,3.049766173358174,0.19791666666666666,70,9,13,3.0113982405635547,0.06076388888888889,6,7228696256143360,0.00830936776044466
16,8,0.5,12,3725097218,960499496,6,6,15,14,6,6,15,4,102,0.75,0.75,7,7,2173,345,3.5354255721682897,0.1587666820064427,139,14,15,3.529631128170485,0.06396686608375518,13,4230435223547240464,1.1823615460195964
16,8,0.5,13,4039138615,359792652,6,5,15,16,6,5,15,5,80,0.75,0.625,7,7,1485,303,3.5638064024258687,0.20404040404040405,91,15,15,3.5670180571431653,0.06127946127946128,15,1546234970233934416,1.063982400115658
16,8,0.5,14,2802575360,1081347970,5,6,13,12,5,6,13,4,84,0.8333333333333334,0.75,5,7,2000,327,3.3399378241067215,0.1635,127,13,15,3.3203532589669535,0.0635,13,2470350139169247232,0.8151466430623384
16,8,0.5,15,1074200845,536899722,4,4,12,12,4,4,12,3,26,0.5,0.5,7,7,675,130,3.0786876302066486,0.1925925925925926,40,9,11,2.9016094970590274,0.05925925925925926,6,17759761471360,3.079345788316609e-05
16,8,0.5,16,2634022976,2733639680,3,4,9,10,3,4,9,2,18,0.42857142857142855,0.6666666666666666,6,5,910,195,2.873579722571297,0.21428571428571427,56,8,15,2.822144494121598,0.06153846153846154,4,7614467186815533056,1.057495896432964
16,8,0.5,17,4036624567,4037149491,5,6,14,15,5,6,14,4,76,0.625,0.75,7,7,1872,285,3.515515847790047,0.15224358974358973,118,15,15,3.5205342009671665,0.06303418803418803,15,16297238405457261328,1.0000479606974657
16,8,0.5,18,3506491616,4094168064,4,4,10,12,4,4,10,2,28,0.5714285714285714,0.6666666666666666,6,5,1599,268,3.1020237558307557,0.16760475297060662,100,10,15,3.1376162103619327,0.06253908692933083,7,14125502753900462080,0.9839328106712806
16,8,0.5,19,3806335219,2852926982,6,6,15,16,6,6,15,5,106,0.75,0.75,7,7,2303,360,3.558849518795757,0.15631784628745116,145,15,15,3.552386596405057,0.06296135475466783,15,11151864812585489680,1.0269511989347295
16,8,0.7,0,1077099408,1089867022,6,5,13,14,6,5,13,4,82,0.8571428571428571,0.625,6,7,1716,278,3.4544800200636305,0.16200466200466201,109,13,15,3.4455082170966382,0.06351981351981352,12,1171580779466761984,0.9980284910632471
16,8,0.7,1,4068524818,1348956432,7,6,14,15,7,6,14,5,154,0.875,0.8571428571428571,7,6,1161,227,3.3139316955153366,0.19552110249784668,71,12,15,3.280050769044388,0.0611541774332472,12,4722277751738925056,0.8604321605843819
16,8,0.7,2,1040912544,614542962,5,8,14,13,5,8,14,5,140,0.7142857142857143,1.0,6,7,1638,284,3.42948381642627,0.17338217338217338,102,13,14,3.381690133027402,0.06227106227106227,13,174036250183418112,0.27206534488632134
16,8,0.7,3,3490556272,1082167296,5,3,10,12,5,3,10,2,25,0.7142857142857143,0.6,6,4,1092,189,3.195642598114269,0.17307692307692307,67,10,15,3.165596005037675,0.06135531135531135,9,3486816889058885632,0.9230815956226991
16,8,0.7,4,2500067328,3320852480,3,4,7,8,3,4,7,2,22,0.75,0.8,3,4,630,160,2.583004785447603,0.25396825396825395,38,6,15,2.4866479920160387,0.06031746031746032,6,8621917186228748288,1.03849057383071
16,8,0.7,5,4283473949,1799356669,6,5,15,15,6,5,15,4,76,0.75,0.625,7,7,2891,509,3.607728632014113,0.17606364579730197,184,15,15,3.601476260126663,0.06364579730197163,15,8144576662656785824,1.0567083220934108
16,8,0.7,6,3588586080,637796590,7,5,14,14,7,5,14,4,99,1.0,0.625,6,7,2400,316,3.5518443062782965,0.13166666666666665,153,14,15,3.5286086960402114,0.06375,14,1533837645761733888,0.6701527923895343
16,8,0.7,7,846208250,3108038664,7,6,15,15,7,6,15,5,144,0.875,0.75,7,7,2700,391,3.6149934913940283,0.1448148148148148,172,15,15,3.592345992807295,0.0637037037037037,15,2550267368191407952,0.9696657278291992
16,8,0.7,8,1540464848,4030615637,6,6,14,14,6,6,14,5,118,0.8571428571428571,0.75,6,7,2491,368,3.5854828453767547,0.14773183460457648,160,14,15,3.577808218105346,0.06423123243677238,14,6618480964344693760,1.0659458573713587
16,8,0.7,9,2223064192,1074233357,7,4,14,13,7,4,14,3,68,1.0,0.5,6,7,1184,192,3.585663864155323,0.16216216216216217,74,14,15,3.579152097084869,0.0625,14,2388163966562153984,1.0000310946289819
16,8,0.7,10,702398011,4026630081,8,6,15,15,8,6,15,6,198,1.0,0.75,7,7,3876,572,3.6203183989511065,0.1475748194014448,251,14,15,3.6031223953156903,0.06475748194014448,14,3016820723875567616,1.066656283487733
16,8,0.7,11,2006246016,3933829646,7,7,14,14,7,7,14,6,219,1.0,0.875,6,7,3621,436,3.6017894546784417,0.1204087268710301,234,14,15,3.602523300325439,0.06462303231151616,14,7787510719739668224,0.9867313377281278
16,8,0.7,12,1919819779,990900160,6,6,14,14,6,6,14,5,118,0.75,0.8571428571428571,7,6,2380,408,3.3402204267833313,0.17142857142857143,151,14,15,3.2929840577324367,0.0634453781512605,14,1531014658675319296,0.8048018918938948
16,8,0.7,13,3736887584,3899334096,7,7,13,14,7,7,13,7,231,1.0,1.0,6,6,3894,566,3.4282470941214065,0.145351823317925,251,13,15,3.4005332855272883,0.06445814072932717,13,15389027991104393216,1.0561137795593525
16,8,0.7,14,3222159367,2920220427,4,5,13,16,4,5,13,3,36,0.5,0.625,7,7,2109,320,3.4471676059727323,0.15173067804646753,133,14,15,3.4661485895266853,0.06306306306306306,13,9954355893149773888,1.0579143608492074
16,8,0.7,15,1354760195,2325743455,3,6,13,15,3,6,13,3,30,0.375,0.75,7,7,1100,210,3.3072276319601555,0.19090909090909092,66,13,15,3.2829332016444814,0.06,10,2564644043648667936,0.8139596210990971
16,8,0.7,16,2894086181,3221890608,6,5,14,13,6,5,14,4,80,0.75,0.7142857142857143,7,6,1353,188,3.5088847993807457,0.13895048041389504,84,13,15,3.4486581876669384,0.06208425720620843,13,9901105073457537024,1.0618457154722512
16,8,0.7,17,3494166278,582970102,6,8,15,15,6,8,15,6,198,0.75,1.0,7,7,3551,484,3.552979894110159,0.136299633905942,228,15,15,3.5316713682306196,0.06420726555899746,15,1345930740920325408,0.6607434432236862
16,8,0.7,18,1886642256,1879071904,5,4,12,13,5,4,12,3,40,0.7142857142857143,0.5714285714285714,6,6,1224,198,3.355659597571223,0.16176470588235295,75,12,15,3.321524882627661,0.061274509803921566,11,3472703670152540160,0.9795684067758221
16,8,0.7,19,3221270130,3358494561,5,8,15,16,5,8,15,5,136,0.625,1.0,7,7,2970,428,3.5247681659514116,0.1441077441077441,191,14,15,3.5168205834970583,0.0643097643097643,14,10821037483772170496,1.0002236212248363
16,8,1.0,0,2229351483,3999378849,8,8,15,15,8,8,15,8,344,1.0,1.0,7,7,3312,463,3.691402958794735,0.13979468599033817,214,14,15,3.665221801460755,0.0646135265700483,14,8953441655135713024,1.004196993965495
16,8,1.0,1,2488233555,1487581041,8,8,15,15,8,8,15,8,344,1.0,1.0,7,7,3960,531,3.4837702675296747,0.1340909090909091,256,14,15,3.4569920055141936,0.06464646464646465,14,3936570705867264256,1.0635215127727073
16,8,1.0,2,3550823062,3924733595,8,8,15,16,8,8,15,8,344,1.0,1.0,7,7,4940,609,3.735488650661432,0.12327935222672065,321,15,15,3.7314261641072437,0.06497975708502024,15,14738824009902770496,1.0576052997743042
16,8,1.0,3,3016029574,3032061791,8,8,15,15,8,8,15,8,344,1.0,1.0,7,7,4544,588,3.6965390830124507,0.12940140845070422,294,15,15,3.6809231106948226,0.06470070422535211,15,8512061920948758864,0.9308101938832419
16,8,1.0,4,4103054278,362418758,8,8,15,16,8,8,15,8,344,1.0,1.0,7,7,2774,343,3.6262813101722045,0.1236481614996395,177,15,15,3.618527372771631,0.06380677721701514,15,1567241083104417312,1.053944829768899
16,8,1.0,5,3911639659,4218058359,8,8,15,16,8,8,15,8,344,1.0,1.0,7,7,4416,598,3.743323720372891,0.13541666666666666,284,15,15,3.7327504353295886,0.06431159420289854,15,17507474066418599744,1.061089621938299
16,8,1.0,6,412278381,3675841986,8,8,15,13,8,8,15,8,344,1.0,1.0,7,7,4356,577,3.5841795008090993,0.13246097337006427,284,15,15,3.57497056046303,0.06519742883379247,15,1791117590316886544,1.1818890339417367
16,8,1.0,7,2016016293,3832376440,8,8,15,16,8,8,15,8,344,1.0,1.0,7,7,4410,537,3.6564221598238196,0.12176870748299319,286,15,15,3.6444830468064158,0.06485260770975057,15,7603126569403729696,0.9840791287090664
16,8,1.0,8,304233863,731155060,8,8,15,15,8,8,15,8,344,1.0,1.0,7,7,2090,285,3.4473043122534355,0.13636363636363635,131,14,14,3.416461196716941,0.06267942583732057,14,81988396499580176,0.3685830427248903
16,8,1.0,9,2786752607,3340559054,8,8,15,14,8,8,15,8,344,1.0,1.0,7,7,4588,661,3.726297431243689,0.1440714908456844,300,15,15,3.7309945093148222,0.06538796861377506,15,9899637507373064400,1.0634124065056965
16,8,1.0,10,1571275238,326364713,8,8,15,15,8,8,15,8,344,1.0,1.0,7,7,3604,522,3.514598767811758,0.14483906770255273,233,14,14,3.4903011452643855,0.0646503884572697,14,169441326988298288,0.330418139471524
16,8,1.0,11,4074853805,745031354,8,8,15,16,8,8,15,8,344,1.0,1.0,7,7,3835,476,3.7428728020483164,0.1241199478487614,247,15,15,3.744569431392197,0.06440677966101695,15,3221151877332664192,1.061022564995924
16,8,1.0,12,965521001,618997530,8,8,15,14,8,8,15,8,344,1.0,1.0,7,7,3195,407,3.589740226705959,0.12738654147104853,205,14,14,3.562831032695693,0.06416275430359937,14,175084636683883600,0.29295262828581314
16,8,1.0,13,3148008148,3784044214,8,8,15,15,8,8,15,8,344,1.0,1.0,7,7,5767,725,3.649308518044639,0.12571527657360845,377,15,15,3.6371013207356597,0.0653719438182764,15,12399353277922936592,1.040895147607465
16,8,1.0,14,1198763509,2495402670,8,8,15,16,8,8,15,8,344,1.0,1.0,7,7,4800,645,3.6335190395000696,0.134375,313,15,15,3.6231368144562923,0.06520833333333333,15,2710440365018148928,0.9060782524180591
16,8,1.0,15,1502124485,890547273,8,8,15,15,8,8,15,8,344,1.0,1.0,7,7,3120,377,3.5803422613655207,0.12083333333333333,202,15,15,3.5631625652076693,0.06474358974358975,15,1393514966518384672,1.04171455938281
16,8,1.0,16,2133510376,4158882372,8,8,15,15,8,8,15,8,344,1.0,1.0,7,7,4332,538,3.648483553083854,0.12419205909510618,281,15,15,3.638211455756234,0.06486611265004617,15,9447340721011647776,1.0647267911454585
16,8,1.0,17,592546105,2712103593,8,8,15,13,8,8,15,8,344,1.0,1.0,7,7,2520,343,3.63458757334158,0.1361111111111111,163,15,15,3.618371745311757,0.06468253968253969,15,1316384760479668048,0.8191330031159322
16,8,1.0,18,2297602326,1178285375,8,8,15,15,8,8,15,8,344,1.0,1.0,7,7,2550,368,3.6290635334504016,0.14431372549019608,166,15,15,3.619694810382981,0.06509803921568627,15,2710872139671220816,1.001344887483137
16,8,1.0,19,523834822,2142222463,8,8,15,14,8,8,15,8,344,1.0,1.0,7,7,4576,614,3.6618529710260184,0.13417832167832167,299,14,14,3.642518778641362,0.06534090909090909,14,658592164698054224,0.5868912380622461
16,16,0.2,0,16203951459279175872,8087901980803989504,4,3,10,12,4,3,10,2,16,0.26666666666666666,0.75,14,3,1008,196,2.9167165306350404,0.19444444444444445,61,8,31,2.820838109037381,0.060515873015873016,4,128417102849859578078103427254411329536,0.9798645705933161
16,16,0.2,1,14987979697328021648,2350879019076946688,4,6,18,24,4,6,18,3,38,0.26666666666666666,0.42857142857142855,14,13,1444,167,3.7973327935174845,0.11565096952908588,86,17,31,3.7636931805268317,0.05955678670360111,5,21932262106238794074154188745768042496,0.6224579974512606
16,16,0.2,2,2305843009213697024,6918654927547924480,2,2,4,5,2,2,4,1,4,0.14285714285714285,0.5,13,3,140,72,1.562623373036996,0.5142857142857142,7,2,18,0.9852281360342515,0.05,1,18892924695992401395712,1.1842619823942988e-15
16,16,0.2,3,2310065133864394752,4638707616191873024,3,3,8,11,3,3,8,2,11,0.23076923076923078,0.25,12,11,378,120,2.5191713039066626,0.31746031746031744,19,5,28,2.141821596022348,0.05026455026455026,1,15678302623775923000499317950644224,0.0014631128293417436
16,16,0.2,4,7921831744712474639,4611690416473899008,5,2,10,15,5,2,10,1,10,0.3125,0.3333333333333333,15,5,472,60,3.254821182289124,0.1271186440677966,24,10,31,3.2295739585136225,0.05084745762711865,3,25504586492787935855772224680963866624,0.698123934055597
16,16,0.2,5,16140901064646852608,15042023305179561984,2,4,8,13,2,4,8,1,8,0.2,0.36363636363636365,9,10,897,182,2.901421907391448,0.2028985507246377,53,8,31,2.8892355367590943,0.059085841694537344,3,234774903631335330412264826808804835328,0.9669803262708611
16,16,0.2,6,16140901086121717767,9223372861488497408,5,3,13,21,5,3,13,2,19,0.3125,0.21428571428571427,15,13,966,168,3.3742079795123887,0.17391304347826086,56,13,31,3.3149622469234163,0.057971014492753624,3,148873548364111100307614518034972020736,0.999999995475394
16,16,0.2,7,6269098642229952525,14037720081614503936,4,5,18,23,4,5,18,2,24,0.25,0.5,15,9,1380,169,3.959196363886454,0.12246376811594203,82,17,31,3.928909365860619,0.059420289855072465,6,93488283822683938489306936306284101632,1.0623203621249973
16,16,0.2,8,12745186979822460928,10439344692159053824,5,3,13,20,5,3,13,2,19,0.38461538461538464,0.42857142857142855,12,6,1462,280,3.492858151683337,0.19151846785225718,90,14,31,3.5249769957782267,0.06155950752393981,5,130351323880720464337612649829236736000,0.9797065181825825
16,16,0.2,9,9511602413191038720,6917529079180689408,4,2,8,13,4,2,8,1,8,0.2857142857142857,0.25,13,7,540,132,2.8350120210158916,0.24444444444444444,32,8,31,2.792837797403416,0.05925925925925926,3,65132172284923082822538940825764626432,0.9898989899738563
16,16,0.2,10,1202461100742803536,6980579422424289294,4,4,14,22,4,4,14,2,20,0.26666666666666666,0.25,14,15,1209,196,3.379125512877178,0.1621174524400331,71,12,29,3.3057094932148257,0.058726220016542596,4,418304417227645709212067740754379776,0.049834481268528824
16,16,0.2,11,9223372084099416064,5791629189521080320,2,4,8,11,2,4,8,1,8,0.25,0.36363636363636365,7,10,285,66,2.7638778504108017,0.23157894736842105,15,6,31,2.4729055953200563,0.05263157894736842,2,42784526353268750054427632063175720960,0.8009331168386801
16,16,0.2,12,10376299044925341696,1400634877375729664,4,6,16,18,4,6,16,3,42,0.4444444444444444,0.46153846153846156,8,12,924,131,3.5525858714147645,0.14177489177489178,52,13,30,3.3709122583378757,0.05627705627705628,3,1578621932061795180421127207190003712,0.10862022949659242
16,16,0.2,13,10376328756435353600,12610082256257548288,4,5,15,18,4,5,15,3,32,0.4444444444444444,0.45454545454545453,8,10,860,161,3.464406887364735,0.1872093023255814,49,13,31,3.2758657842350494,0.056976744186046514,4,138240097373807237076547691912001224704,1.0565070230916156
16,16,0.2,14,1153044649959690240,17293822603478175232,5,4,17,20,5,4,17,2,26,0.38461538461538464,0.2857142857142857,12,13,780,105,3.6919388737863574,0.1346153846153846,42,14,27,3.480323076974042,0.05384615384615385,6,1947111967599000743169374124244992,9.764585248147155e-05
16,16,0.2,15,5764607548814524464,1152921531450421264,4,5,15,21,4,5,15,3,32,0.26666666666666666,0.3333333333333333,14,14,456,82,3.5642433689509283,0.17982456140350878,22,11,24,3.2610439833372844,0.04824561403508772,3,163408236910365946922178445312,2.4586938116426764e-08
16,16,0.2,16,11096884875003736064,14988264333404799216,4,5,16,22,4,5,16,3,30,0.3076923076923077,0.3333333333333333,12,14,1584,217,3.5595470357889107,0.1369949494949495,95,14,31,3.474258056748205,0.05997474747474747,3,159507948951819959077352958809341952000,0.9590249512211206
16,16,0.2,17,2310065164096897024,6976075831387160583,4,5,15,24,4,5,15,2,30,0.4,0.3125,9,15,1122,195,3.5134422458495993,0.17379679144385027,63,13,29,3.3696937175501507,0.05614973262032086,3,109281784234523826878122944708476928,0.006781290562554568
16,16,0.2,18,13997187641868476416,13835070149923701248,5,4,18,22,5,4,18,2,24,0.38461538461538464,0.2857142857142857,12,13,1748,220,3.6869171213506435,0.12585812356979406,105,17,31,3.6051915787706506,0.060068649885583525,4,192987453323615150013536083216611409920,0.9965679706225957
16,16,0.2,19,3458764513820541088,2337456854730276960,2,5,9,16,2,5,9,2,12,0.13333333333333333,0.3333333333333333,14,14,390,100,2.8559932917373336,0.2564102564102564,20,7,29,2.5709505944546684,0.05128205128205128,1,83078017387158065207002167102156800,0.010275939197727095
16,16,0.5,0,2810440300148821299,6260070967316381702,9,11,30,27,9,11,30,8,421,0.5625,0.6875,15,15,5313,482,4.492112182411133,0.09072087332956898,341,28,30,4.457100520894125,0.06418219461697723,25,4352629726717159842018339490837315856,0.24739909282274702
16,16,0.5,1,9439544819237847424,8070644046295466128,6,4,20,22,6,4,20,2,32,0.4,0.26666666666666666,14,14,952,170,3.57438108302923,0.17857142857142858,51,11,31,3.19292388454501,0.05357142857142857,2,65133834951054424384104640538426228736,0.8549631631967948
16,16,0.5,2,13835058101033632247,3462709568956588032,7,7,24,26,7,7,24,4,121,0.4375,0.5384615384615384,15,12,3534,387,4.327075808305418,0.10950764006791172,223,24,31,4.330341743682917,0.06310130164119977,21,42587279971105338444566840726716284928,0.8889612867752548
16,16,0.5,3,7282320999922073600,3458764516505076480,9,5,22,23,9,5,22,4,109,0.75,0.35714285714285715,11,13,1950,283,4.033939246888114,0.14512820512820512,119,20,31,3.9466333267172966,0.06102564102564102,19,21267649389655586716035354910527586304,0.844361997748591
16,16,0.5,4,14989228606004527876,7417798085687902368,8,9,28,31,8,9,28,5,234,0.5,0.6,15,14,3588,275,4.605686120799534,0.07664437012263099,223,28,31,4.575997669099975,0.062151616499442584,26,113994413046653559228833425971226935808,1.0252488149502677
16,16,0.5,5,13980615459562639872,16158918555920826460,10,9,29,28,10,9,29,6,360,0.7142857142857143,0.5625,13,15,3960,365,4.5072092019934225,0.09217171717171717,248,29,31,4.479144793076148,0.06262626262626263,29,214276401858215554532957502883026833408,0.9484965652674834
16,16,0.5,6,14961520975982628356,5444851952293576710,9,7,27,32,9,7,27,5,187,0.5625,0.4375,15,15,5160,518,4.436015180284283,0.1003875968992248,329,27,31,4.425241687668726,0.06375968992248061,18,82829811836143089424314512156637810704,1.0167749857846127
16,16,0.5,7,6917625786140739280,2030967163904851968,8,9,26,25,8,9,26,6,260,0.5333333333333333,0.75,14,11,3465,380,4.345611498458754,0.10966810966810966,217,24,30,4.308141970214261,0.06262626262626263,20,5427040924609287119532747483284242432,0.3862808067762189
16,16,0.5,8,4679451122829205232,14627708603407056512,8,9,29,30,8,9,29,5,220,0.5333333333333333,0.6,14,14,8464,629,4.61740294770351,0.07431474480151229,547,29,31,4.614094686382996,0.06462665406427222,29,68759563047018706581030011618765074432,1.0045276434567425
16,16,0.5,9,17303120040770404353,6976371878902402820,7,11,28,29,7,11,28,6,273,0.4375,0.6875,15,15,3135,403,4.238406925999381,0.12854864433811802,193,22,31,4.131121772558294,0.06156299840510367,20,107424409293080863977367627071087443968,0.889915827053017
16,16,0.5,10,18433474119413530630,14987980537330073700,7,8,27,30,7,8,27,5,156,0.4375,0.5,15,15,5100,427,4.409719278884333,0.08372549019607843,323,27,31,4.381296691416314,0.06333333333333334,21,271997050888849013297123732232643543568,0.9844958306780291
16,16,0.5,11,15029638320309141510,4612537087997018126,7,9,26,29,7,9,26,6,195,0.4375,0.5625,15,15,3360,328,4.31772694838017,0.09761904761904762,210,25,31,4.313645347569319,0.0625,18,63984800886813588442196928762449428560,0.9229717785757634
16,16,0.5,12,1171009845306851334,6845471489441923217,7,6,27,27,7,6,27,4,82,0.4375,0.375,15,15,1128,168,4.314837614161092,0.14893617021276595,62,22,30,4.1840575045505135,0.0549645390070922,8,1428292673084695246918798503789462272,0.17817767839020396
16,16,0.5,13,12709164745521378307,13114482664662892560,8,5,26,25,8,5,26,3,74,0.5,0.3333333333333333,15,14,1560,202,4.21670313416426,0.1294871794871795,92,21,31,4.065589483092795,0.05897435897435897,12,154533229121990396445038725792249413632,0.9271579081277012
16,16,0.5,14,10403323820915843312,10376586192497626262,10,12,28,30,10,12,28,9,672,0.6666666666666666,0.75,14,15,7084,540,4.562478691583237,0.07622811970638058,457,27,31,4.542125742718914,0.06451157538114059,25,106587685124311438748876649008391423232,0.9873711094413502
16,16,0.5,15,11591646474707937804,6071116867848634368,12,6,23,25,12,6,23,6,272,0.75,0.6,15,9,6192,551,4.253476074083107,0.08898578811369509,400,23,31,4.2547904725806225,0.06459948320413436,20,67091223662428279804190385851041054720,0.9533491693005598
16,16,0.5,16,4543094634796065024,2365516298063973120,7,8,26,25,7,8,26,4,152,0.5,0.5714285714285714,13,13,3240,367,4.265439918743606,0.11327160493827161,204,22,30,4.2201554736239935,0.06296296296296296,20,2982217449822493050861818420190511104,0.27749910002643713
16,16,0.5,17,8647966815714042702,6201187371225829568,8,10,30,31,8,10,30,6,256,0.5,0.6666666666666666,15,14,6441,475,4.723018533056153,0.07374631268436578,412,30,31,4.724031174700299,0.063965222791492,30,49476294121890588473239856503043471872,0.922589046755212
16,16,0.5,18,13393810982605684992,14578257744484044034,8,9,27,27,8,9,27,5,236,0.5714285714285714,0.5625,13,15,5688,477,4.461636378874361,0.08386075949367089,365,25,31,4.434939853982162,0.06417018284106892,18,211746240313593722744416846599988183040,1.084440972608861
16,16,0.5,19,4196106769581211664,10436136662102155264,8,9,25,26,8,9,25,5,256,0.5333333333333333,0.6923076923076923,14,12,4661,429,4.242948082312218,0.09204033469212615,297,22,31,4.199582204322984,0.06372023170993349,20,49679018940198151545020138265973358592,1.1344535617734528
16,16,0.7,0,7476029307357038371,5482182709883766056,13,13,31,31,13,13,31,11,1149,0.8125,0.8125,15,15,7826,521,4.622335524890638,0.06657296192179914,505,31,31,4.595123648315847,0.0645284947610529,31,30050308290763450026395360780624150800,0.7332033339019784
16,16,0.7,1,6120624994180962767,11531161877682370893,13,13,31,31,13,13,31,11,1187,0.8125,0.8125,15,15,15006,950,4.694067806347166,0.06330801012928162,982,31,31,4.688812963304963,0.06544049047047848,31,68553576383714474552362230634131504832,0.9713176403385286
16,16,0.7,2,14114374414289422467,12034604088428644531,15,12,31,28,15,12,31,11,1314,0.9375,0.75,15,15,10647,815,4.70423044737801,0.07654738423969193,692,30,31,4.688439212784593,0.06499483422560345,30,159059110144487048164345341547851383552,0.9364079821985316
16,16,0.7,3,2701632972972414543,2982860933294984448,12,10,29,24,12,10,29,8,616,0.75,0.7142857142857143,15,13,5859,566,4.591744580429864,0.09660351595835467,382,28,30,4.596932782927303,0.06519883939238778,28,3125004548879687156152737187853811712,0.3877852620609852
16,16,0.7,4,18172143258669050272,10592699267598322578,13,13,30,29,13,13,30,11,1231,0.8666666666666667,0.8125,14,15,12096,826,4.639914155109128,0.06828703703703703,788,30,31,4.633021056356047,0.06514550264550265,30,203715028370201255108209606840846999808,1.058303601971098
16,16,0.7,5,2031136662473471107,9667574775979376644,11,11,31,29,11,11,31,9,621,0.6875,0.6875,15,15,6478,521,4.559897956930991,0.08042605742513122,414,29,30,4.520718847532204,0.063908613769682,29,8492191062191471632888081485432820224,0.4324770553707223
16,16,0.7,6,12253364123706851529,3931783397102276873,12,11,31,30,12,11,31,9,728,0.75,0.6875,15,15,9462,729,4.646804186067488,0.07704502219403932,617,31,31,4.639724884684253,0.06520820122595646,31,51304127617978528578003767432719832912,1.0648964603818443
16,16,0.7,7,17104760532790698116,16199659075750117384,14,11,30,29,14,11,30,10,1052,0.875,0.6875,15,15,8084,511,4.730906547507334,0.0632112815437902,523,30,31,4.731531892334945,0.06469569520039585,28,293906307750908448155216204811166155808,1.0606840388078769
16,16,0.7,8,12732468658249445616,17342694284788672261,9,11,28,29,9,11,28,6,431,0.6,0.6875,14,15,8736,586,4.63562982276987,0.06707875457875458,568,29,31,4.645494371701826,0.06501831501831502,28,215489046732675091964838472782524843008,0.9758790970449951
16,16,0.7,9,6929920148963433216,6776857510718519056,11,11,28,27,11,11,28,8,653,0.7857142857142857,0.7333333333333333,13,14,8736,677,4.5044471767657805,0.07749542124542125,568,27,31,4.492776880342107,0.06501831501831502,27,49320514993688895703666989878207315968,1.0501975916553747
16,16,0.7,10,3954308269380012037,8135700708861210880,12,10,29,29,12,10,29,8,650,0.75,0.7142857142857143,15,13,9700,744,4.477052524547587,0.07670103092783505,631,27,31,4.459545586890373,0.06505154639175258,26,26046519962434965016480460292659347456,0.8096255767621048
16,16,0.7,11,16406655237072752791,7713024513597967872,11,11,29,30,11,11,29,8,629,0.6875,0.7857142857142857,15,13,7752,603,4.637194984227353,0.07778637770897832,501,29,31,4.634881561435798,0.06462848297213622,29,121626418558163995070614093205148819456,0.9611322609692574
16,16,0.7,12,2400488977413833731,10433726534023318546,11,9,31,31,11,9,31,8,397,0.6875,0.5625,15,15,4636,564,4.418436624920922,0.12165660051768766,294,27,31,4.384551442393795,0.06341673856773081,25,21612718229293768002476071906183225344,0.8629193856677719
16,16,0.7,13,17236478367585202954,16143786196305382468,14,11,31,29,14,11,31,10,1012,0.875,0.6875,15,15,9052,686,4.720168412486269,0.07578435704816615,591,31,31,4.713590405003269,0.06528943879805568,31,294081855215233857918569213380472963616,1.0568522918935968
16,16,0.7,14,3747197015605257105,14988102705200058645,13,8,29,31,13,8,29,6,466,0.8125,0.5,15,15,4050,272,4.606823819656926,0.0671604938271605,253,28,31,4.5733481008515975,0.062469135802469135,26,46526400319467234515842556377514971648,0.8284117785735052
16,16,0.7,15,9278662157707256003,17293911681353151328,12,9,29,31,12,9,29,7,520,0.75,0.6,15,14,4814,415,4.582448880851088,0.08620689655172414,306,29,31,4.574726011697375,0.0635646032405484,28,149811015965458356745427126294399897856,0.9336092596905587
16,16,0.7,16,1648533000925675520,13026430313759392781,9,14,27,26,9,14,27,9,746,0.75,0.875,11,15,8080,596,4.502537712354755,0.07376237623762376,527,27,31,4.503495858749075,0.06522277227722773,27,28964888102598060557565023818656776192,1.3488038257767152
16,16,0.7,17,14999658612444983808,15856184690680529040,12,10,28,25,12,10,28,8,718,0.8571428571428571,0.6666666666666666,13,14,9765,747,4.4395412183902225,0.07649769585253456,636,28,31,4.42737766583411,0.0651305683563748,28,246178781965266930461477419430350749696,1.035071970212825
16,16,0.7,18,17925435453745545310,15938533837940742992,14,12,30,29,14,12,30,11,1198,0.875,0.8,15,14,8855,645,4.729633199588437,0.07284020327498589,572,30,31,4.71983771528788,0.06459627329192547,30,303480547719534019793438660043577275392,1.062215845905086
16,16,0.7,19,16145134845363843079,10055341084283493022,11,14,31,31,11,14,31,9,1018,0.6875,0.875,15,15,15478,1032,4.670374721697369,0.06667528104406253,1014,31,31,4.666063190046864,0.06551234009561958,31,162931292672760527812490668219185251424,1.003612402827869
16,16,1.0,0,6684674795663881969,13569288688500518771,16,16,31,31,16,16,31,16,2736,1.0,1.0,15,15,20294,1428,4.669970061528798,0.0703656253079728,1338,30,31,4.663588693048008,0.06593081699024342,30,104049037725639028000584925046467953408,1.147098473522826
16,16,1.0,1,4258813975361746917,17651749030533930111,16,16,31,30,16,16,31,16,2736,1.0,1.0,15,15,16632,1126,4.736224076806697,0.0677008177008177,1094,31,31,4.730550248954707,0.06577681577681578,31,79126045062366632415365418407900880704,1.0525507484363006
16,16,1.0,2,1523300651357239509,6333100912195541727,16,16,31,29,16,16,31,16,2736,1.0,1.0,15,15,15048,952,4.658273150802216,0.063264221158958,990,30,30,4.649824540565136,0.06578947368421052,30,3025194867577408591890002813973917760,0.313582139558788
16,16,1.0,3,16085825585330551105,16539369064257123299,16,16,31,30,16,16,31,16,2736,1.0,1.0,15,15,13685,844,4.690076587225816,0.061673364998173184,899,30,31,4.6808303866050744,0.06569236390208258,30,280528049722724426380327897655404024064,1.054420883241735
16,16,1.0,4,12593635896949718220,9318397220345428967,16,16,31,29,16,16,31,16,2736,1.0,1.0,15,15,18300,1176,4.720408927275279,0.06426229508196721,1207,31,31,4.716545476961346,0.06595628415300546,31,117855198294705168511567313674012762192,1.0042836458625877
16,16,1.0,5,5050670891788713071,4876177593152652438,16,16,31,29,16,16,31,16,2736,1.0,1.0,15,15,16113,1066,4.608056435158504,0.06615776081424936,1063,31,31,4.599217444351337,0.06597157574629181,31,24309044544912493108059541161168128848,0.9870503451604448
16,16,1.0,6,12525772109037911540,4749221426710914420,16,16,31,30,16,16,31,16,2736,1.0,1.0,15,15,16800,1106,4.644417070897289,0.06583333333333333,1102,31,31,4.63495922540153,0.0655952380952381,31,49123400504341981402862699008899200272,0.8257745579338006
16,16,1.0,7,2861688086843845207,17756647138750263966,16,16,31,31,16,16,31,16,2736,1.0,1.0,15,15,12222,733,4.765235445398223,0.05997381770577647,799,31,31,4.760003610782262,0.06537391588937981,31,54418300747861987789884194375067486304,1.070931558064641
16,16,1.0,8,11704670797535010190,8659395228782990909,16,16,31,29,16,16,31,16,2736,1.0,1.0,15,15,13520,915,4.7477820086327185,0.06767751479289941,887,31,31,4.743781270162048,0.06560650887573964,31,93643507779523867991595659355827149232,0.9239126388248702
16,16,1.0,9,11014801575737988712,8841589860597357054,16,16,31,30,16,16,31,16,2736,1.0,1.0,15,15,18318,1154,4.746747914480839,0.06299814390217273,1205,31,31,4.74428402519089,0.0657822906430833,31,99982203364783039897531258179196358000,1.0266340401606278
16,16,1.0,10,5704456858858004982,6192944997032617764,16,16,31,30,16,16,31,16,2736,1.0,1.0,15,15,13338,931,4.644145671305459,0.0698005698005698,872,31,31,4.633719036616867,0.06537711800869696,31,30171386706427854188445888386177913872,0.8540508876021478
16,16,1.0,11,10530335393926507723,18054128656335532417,16,16,31,29,16,16,31,16,2736,1.0,1.0,15,15,13216,935,4.648227599170769,0.07074757869249394,865,30,31,4.631331963649973,0.06545096852300242,30,181510651797140381460192891302503544320,0.9547361776945406
16,16,1.0,12,10292817343752804431,4046540869799866785,16,16,31,31,16,16,31,16,2736,1.0,1.0,15,15,13140,819,4.681353540035966,0.06232876712328767,860,30,31,4.665224248404556,0.0654490106544901,30,31564046148602984600290957475091073280,0.7578346750459701
16,16,1.0,13,9465623822502260062,12472821558939015125,16,16,31,31,16,16,31,16,2736,1.0,1.0,15,15,19880,1182,4.689944092884451,0.059456740442655934,1311,31,31,4.68517815425778,0.06594567404426559,31,117649206317854503669697825062290062656,0.9964948338177034
16,16,1.0,14,9645169796278725325,2276546440966524823,16,16,31,28,16,16,31,16,2736,1.0,1.0,15,15,19240,1222,4.711853549562871,0.06351351351351352,1266,31,31,4.708121174840581,0.0658004158004158,31,32928930924344977155261291245427199056,1.4996545839517157
16,16,1.0,15,18379493926063314392,6047345715329271523,16,16,31,30,16,16,31,16,2736,1.0,1.0,15,15,14231,861,4.7454434952002895,0.060501721593703886,933,31,31,4.736379933370782,0.06556109900920526,31,118526344892375419491354650416827529488,1.0663911831611366
16,16,1.0,16,16099889913735050817,12521882314259928502,16,16,31,29,16,16,31,16,2736,1.0,1.0,15,15,18369,1141,4.632342494279516,0.06211552071424683,1207,30,31,4.618841549718049,0.06570853067668354,30,221738621514215211594641165890053755392,1.099888899640953
16,16,1.0,17,7462039051492449908,6779855477944423710,16,16,31,29,16,16,31,16,2736,1.0,1.0,15,15,17160,1089,4.666454409716541,0.06346153846153846,1128,31,31,4.658995291017642,0.06573426573426573,31,54002977425555357382572509395325806128,1.06743085223645
16,16,1.0,18,17521708134120963893,17668319058408542948,16,16,31,30,16,16,31,16,2736,1.0,1.0,15,15,14464,935,4.688982852284035,0.06464325221238938,948,31,31,4.681099351678032,0.06554203539823009,31,307619532156103128332335498590058280208,0.9936701236696251
16,16,1.0,19,6039740438384113069,12348268376692649038,16,16,31,32,16,16,31,16,2736,1.0,1.0,15,15,18352,1137,4.70507970913213,0.061955100261551876,1209,31,31,4.6987614989179,0.06587837837837837,31,72859250043810351335212457951934880944,0.9769230616206923
